DATAFLOW,LAST UPDATE,freq,unit,indx,coicop,geo,TIME_PERIOD,OBS_VALUE,OBS_FLAG
ESTAT:PRC_FSC_IDX(1.0),03/10/23 11:00:00,M,I15,HICP,CP0115,AT,2020-01,112.76,
ESTAT:PRC_FSC_IDX(1.0),03/10/23 11:00:00,M,I15,HICP,CP0115,AT,2020-02,112.79,
ESTAT:PRC_FSC_IDX(1.0),03/10/23 11:00:00,M,I15,HICP,CP0115,AT,2020-03,113.20,
ESTAT:PRC_FSC_IDX(1.0),03/10/23 11:00:00,M,I15,HICP,CP0115,AT,2020-04,117.10,
ESTAT:PRC_FSC_IDX(1.0),03/10/23 11:00:00,M,I15,HICP,CP0115,AT,2020-05,113.00,
ESTAT:PRC_FSC_IDX(1.0),03/10/23 11:00:00,M,I15,HICP,CP0115,AT,2020-06,114.27,
ESTAT:PRC_FSC_IDX(1.0),03/10/23 11:00:00,M,I15,HICP,CP0115,AT,2020-07,114.49,
ESTAT:PRC_FSC_IDX(1.0),03/10/23 11:00:00,M,I15,HICP,CP0115,AT,2020-08,113.32,
ESTAT:PRC_FSC_IDX(1.0),03/10/23 11:00:00,M,I15,HICP,CP0115,AT,2020-09,113.56,
ESTAT:PRC_FSC_IDX(1.0),03/10/23 11:00:00,M,I15,HICP,CP0115,AT,2020-10,113.29,
ESTAT:PRC_FSC_IDX(1.0),03/10/23 11:00:00,M,I15,HICP,CP0115,AT,2020-11,112.35,
ESTAT:PRC_FSC_IDX(1.0),03/10/23 11:00:00,M,I15,HICP,CP0115,AT,2020-12,113.03,
ESTAT:PRC_FSC_IDX(1.0),03/10/23 11:00:00,M,I15,HICP,CP0115,AT,2021-01,110.06,
ESTAT:PRC_FSC_IDX(1.0),03/10/23 11:00:00,M,I15,HICP,CP0115,AT,2021-02,111.78,
ESTAT:PRC_FSC_IDX(1.0),03/10/23 11:00:00,M,I15,HICP,CP0115,AT,2021-03,112.54,
ESTAT:PRC_FSC_IDX(1.0),03/10/23 11:00:00,M,I15,HICP,CP0115,AT,2021-04,112.99,
ESTAT:PRC_FSC_IDX(1.0),03/10/23 11:00:00,M,I15,HICP,CP0115,AT,2021-05,113.08,
ESTAT:PRC_FSC_IDX(1.0),03/10/23 11:00:00,M,I15,HICP,CP0115,AT,2021-06,111.77,
ESTAT:PRC_FSC_IDX(1.0),03/10/23 11:00:00,M,I15,HICP,CP0115,AT,2021-07,112.61,
ESTAT:PRC_FSC_IDX(1.0),03/10/23 11:00:00,M,I15,HICP,CP0115,AT,2021-08,113.59,
ESTAT:PRC_FSC_IDX(1.0),03/10/23 11:00:00,M,I15,HICP,CP0115,AT,2021-09,114.25,
ESTAT:PRC_FSC_IDX(1.0),03/10/23 11:00:00,M,I15,HICP,CP0115,AT,2021-10,115.56,
ESTAT:PRC_FSC_IDX(1.0),03/10/23 11:00:00,M,I15,HICP,CP0115,AT,2021-11,119.07,
ESTAT:PRC_FSC_IDX(1.0),03/10/23 11:00:00,M,I15,HICP,CP0115,AT,2021-12,120.43,
ESTAT:PRC_FSC_IDX(1.0),03/10/23 11:00:00,M,I15,HICP,CP0115,AT,2022-01,120.21,
ESTAT:PRC_FSC_IDX(1.0),03/10/23 11:00:00,M,I15,HICP,CP0115,AT,2022-02,126.16,
ESTAT:PRC_FSC_IDX(1.0),03/10/23 11:00:00,M,I15,HICP,CP0115,AT,2022-03,127.49,
ESTAT:PRC_FSC_IDX(1.0),03/10/23 11:00:00,M,I15,HICP,CP0115,AT,2022-04,133.53,
ESTAT:PRC_FSC_IDX(1.0),03/10/23 11:00:00,M,I15,HICP,CP0115,AT,2022-05,137.33,
ESTAT:PRC_FSC_IDX(1.0),03/10/23 11:00:00,M,I15,HICP,CP0115,AT,2022-06,140.41,
ESTAT:PRC_FSC_IDX(1.0),03/10/23 11:00:00,M,I15,HICP,CP0115,AT,2022-07,140.92,
ESTAT:PRC_FSC_IDX(1.0),03/10/23 11:00:00,M,I15,HICP,CP0115,AT,2022-08,147.70,
ESTAT:PRC_FSC_IDX(1.0),03/10/23 11:00:00,M,I15,HICP,CP0115,AT,2022-09,148.28,
ESTAT:PRC_FSC_IDX(1.0),03/10/23 11:00:00,M,I15,HICP,CP0115,AT,2022-10,149.90,
ESTAT:PRC_FSC_IDX(1.0),03/10/23 11:00:00,M,I15,HICP,CP0115,AT,2022-11,150.78,
ESTAT:PRC_FSC_IDX(1.0),03/10/23 11:00:00,M,I15,HICP,CP0115,AT,2022-12,154.77,
ESTAT:PRC_FSC_IDX(1.0),03/10/23 11:00:00,M,I15,HICP,CP0115,AT,2023-01,153.29,
ESTAT:PRC_FSC_IDX(1.0),03/10/23 11:00:00,M,I15,HICP,CP0115,AT,2023-02,147.55,
ESTAT:PRC_FSC_IDX(1.0),03/10/23 11:00:00,M,I15,HICP,CP0115,AT,2023-03,142.23,
ESTAT:PRC_FSC_IDX(1.0),03/10/23 11:00:00,M,I15,HICP,CP0115,AT,2023-04,142.66,
ESTAT:PRC_FSC_IDX(1.0),03/10/23 11:00:00,M,I15,HICP,CP0115,AT,2023-05,144.28,
ESTAT:PRC_FSC_IDX(1.0),03/10/23 11:00:00,M,I15,HICP,CP0115,AT,2023-06,143.40,
ESTAT:PRC_FSC_IDX(1.0),03/10/23 11:00:00,M,I15,HICP,CP0115,BE,2020-01,116.52,
ESTAT:PRC_FSC_IDX(1.0),03/10/23 11:00:00,M,I15,HICP,CP0115,BE,2020-02,117.43,
ESTAT:PRC_FSC_IDX(1.0),03/10/23 11:00:00,M,I15,HICP,CP0115,BE,2020-03,119.73,
ESTAT:PRC_FSC_IDX(1.0),03/10/23 11:00:00,M,I15,HICP,CP0115,BE,2020-04,119.58,
ESTAT:PRC_FSC_IDX(1.0),03/10/23 11:00:00,M,I15,HICP,CP0115,BE,2020-05,120.44,
ESTAT:PRC_FSC_IDX(1.0),03/10/23 11:00:00,M,I15,HICP,CP0115,BE,2020-06,119.96,
ESTAT:PRC_FSC_IDX(1.0),03/10/23 11:00:00,M,I15,HICP,CP0115,BE,2020-07,120.73,
ESTAT:PRC_FSC_IDX(1.0),03/10/23 11:00:00,M,I15,HICP,CP0115,BE,2020-08,121.36,
ESTAT:PRC_FSC_IDX(1.0),03/10/23 11:00:00,M,I15,HICP,CP0115,BE,2020-09,119.45,
ESTAT:PRC_FSC_IDX(1.0),03/10/23 11:00:00,M,I15,HICP,CP0115,BE,2020-10,120.19,
ESTAT:PRC_FSC_IDX(1.0),03/10/23 11:00:00,M,I15,HICP,CP0115,BE,2020-11,120.23,
ESTAT:PRC_FSC_IDX(1.0),03/10/23 11:00:00,M,I15,HICP,CP0115,BE,2020-12,118.26,
ESTAT:PRC_FSC_IDX(1.0),03/10/23 11:00:00,M,I15,HICP,CP0115,BE,2021-01,120.15,
ESTAT:PRC_FSC_IDX(1.0),03/10/23 11:00:00,M,I15,HICP,CP0115,BE,2021-02,118.51,
ESTAT:PRC_FSC_IDX(1.0),03/10/23 11:00:00,M,I15,HICP,CP0115,BE,2021-03,119.06,
ESTAT:PRC_FSC_IDX(1.0),03/10/23 11:00:00,M,I15,HICP,CP0115,BE,2021-04,119.87,
ESTAT:PRC_FSC_IDX(1.0),03/10/23 11:00:00,M,I15,HICP,CP0115,BE,2021-05,119.72,
ESTAT:PRC_FSC_IDX(1.0),03/10/23 11:00:00,M,I15,HICP,CP0115,BE,2021-06,120.13,
ESTAT:PRC_FSC_IDX(1.0),03/10/23 11:00:00,M,I15,HICP,CP0115,BE,2021-07,121.48,
ESTAT:PRC_FSC_IDX(1.0),03/10/23 11:00:00,M,I15,HICP,CP0115,BE,2021-08,122.43,
ESTAT:PRC_FSC_IDX(1.0),03/10/23 11:00:00,M,I15,HICP,CP0115,BE,2021-09,121.30,
ESTAT:PRC_FSC_IDX(1.0),03/10/23 11:00:00,M,I15,HICP,CP0115,BE,2021-10,122.82,
ESTAT:PRC_FSC_IDX(1.0),03/10/23 11:00:00,M,I15,HICP,CP0115,BE,2021-11,125.26,
ESTAT:PRC_FSC_IDX(1.0),03/10/23 11:00:00,M,I15,HICP,CP0115,BE,2021-12,125.13,
ESTAT:PRC_FSC_IDX(1.0),03/10/23 11:00:00,M,I15,HICP,CP0115,BE,2022-01,129.01,
ESTAT:PRC_FSC_IDX(1.0),03/10/23 11:00:00,M,I15,HICP,CP0115,BE,2022-02,134.34,
ESTAT:PRC_FSC_IDX(1.0),03/10/23 11:00:00,M,I15,HICP,CP0115,BE,2022-03,134.58,
ESTAT:PRC_FSC_IDX(1.0),03/10/23 11:00:00,M,I15,HICP,CP0115,BE,2022-04,135.01,
ESTAT:PRC_FSC_IDX(1.0),03/10/23 11:00:00,M,I15,HICP,CP0115,BE,2022-05,139.87,
ESTAT:PRC_FSC_IDX(1.0),03/10/23 11:00:00,M,I15,HICP,CP0115,BE,2022-06,144.79,
ESTAT:PRC_FSC_IDX(1.0),03/10/23 11:00:00,M,I15,HICP,CP0115,BE,2022-07,147.21,
ESTAT:PRC_FSC_IDX(1.0),03/10/23 11:00:00,M,I15,HICP,CP0115,BE,2022-08,148.74,
ESTAT:PRC_FSC_IDX(1.0),03/10/23 11:00:00,M,I15,HICP,CP0115,BE,2022-09,151.45,
ESTAT:PRC_FSC_IDX(1.0),03/10/23 11:00:00,M,I15,HICP,CP0115,BE,2022-10,154.00,
ESTAT:PRC_FSC_IDX(1.0),03/10/23 11:00:00,M,I15,HICP,CP0115,BE,2022-11,159.90,
ESTAT:PRC_FSC_IDX(1.0),03/10/23 11:00:00,M,I15,HICP,CP0115,BE,2022-12,162.28,
ESTAT:PRC_FSC_IDX(1.0),03/10/23 11:00:00,M,I15,HICP,CP0115,BE,2023-01,173.79,
ESTAT:PRC_FSC_IDX(1.0),03/10/23 11:00:00,M,I15,HICP,CP0115,BE,2023-02,175.59,
ESTAT:PRC_FSC_IDX(1.0),03/10/23 11:00:00,M,I15,HICP,CP0115,BE,2023-03,176.64,
ESTAT:PRC_FSC_IDX(1.0),03/10/23 11:00:00,M,I15,HICP,CP0115,BE,2023-04,169.35,
ESTAT:PRC_FSC_IDX(1.0),03/10/23 11:00:00,M,I15,HICP,CP0115,BE,2023-05,169.42,
ESTAT:PRC_FSC_IDX(1.0),03/10/23 11:00:00,M,I15,HICP,CP0115,BE,2023-06,170.21,
ESTAT:PRC_FSC_IDX(1.0),03/10/23 11:00:00,M,I15,HICP,CP0115,BG,2020-01,107.06,
ESTAT:PRC_FSC_IDX(1.0),03/10/23 11:00:00,M,I15,HICP,CP0115,BG,2020-02,109.46,
ESTAT:PRC_FSC_IDX(1.0),03/10/23 11:00:00,M,I15,HICP,CP0115,BG,2020-03,109.73,
ESTAT:PRC_FSC_IDX(1.0),03/10/23 11:00:00,M,I15,HICP,CP0115,BG,2020-04,108.36,
ESTAT:PRC_FSC_IDX(1.0),03/10/23 11:00:00,M,I15,HICP,CP0115,BG,2020-05,109.24,
ESTAT:PRC_FSC_IDX(1.0),03/10/23 11:00:00,M,I15,HICP,CP0115,BG,2020-06,110.02,
ESTAT:PRC_FSC_IDX(1.0),03/10/23 11:00:00,M,I15,HICP,CP0115,BG,2020-07,109.89,
ESTAT:PRC_FSC_IDX(1.0),03/10/23 11:00:00,M,I15,HICP,CP0115,BG,2020-08,108.30,
ESTAT:PRC_FSC_IDX(1.0),03/10/23 11:00:00,M,I15,HICP,CP0115,BG,2020-09,110.27,
ESTAT:PRC_FSC_IDX(1.0),03/10/23 11:00:00,M,I15,HICP,CP0115,BG,2020-10,114.67,
ESTAT:PRC_FSC_IDX(1.0),03/10/23 11:00:00,M,I15,HICP,CP0115,BG,2020-11,116.26,
ESTAT:PRC_FSC_IDX(1.0),03/10/23 11:00:00,M,I15,HICP,CP0115,BG,2020-12,118.38,
ESTAT:PRC_FSC_IDX(1.0),03/10/23 11:00:00,M,I15,HICP,CP0115,BG,2021-01,119.78,
ESTAT:PRC_FSC_IDX(1.0),03/10/23 11:00:00,M,I15,HICP,CP0115,BG,2021-02,121.19,
ESTAT:PRC_FSC_IDX(1.0),03/10/23 11:00:00,M,I15,HICP,CP0115,BG,2021-03,125.05,
ESTAT:PRC_FSC_IDX(1.0),03/10/23 11:00:00,M,I15,HICP,CP0115,BG,2021-04,130.19,
ESTAT:PRC_FSC_IDX(1.0),03/10/23 11:00:00,M,I15,HICP,CP0115,BG,2021-05,135.39,
ESTAT:PRC_FSC_IDX(1.0),03/10/23 11:00:00,M,I15,HICP,CP0115,BG,2021-06,138.81,
ESTAT:PRC_FSC_IDX(1.0),03/10/23 11:00:00,M,I15,HICP,CP0115,BG,2021-07,136.96,
ESTAT:PRC_FSC_IDX(1.0),03/10/23 11:00:00,M,I15,HICP,CP0115,BG,2021-08,136.39,
ESTAT:PRC_FSC_IDX(1.0),03/10/23 11:00:00,M,I15,HICP,CP0115,BG,2021-09,138.02,
ESTAT:PRC_FSC_IDX(1.0),03/10/23 11:00:00,M,I15,HICP,CP0115,BG,2021-10,141.55,
ESTAT:PRC_FSC_IDX(1.0),03/10/23 11:00:00,M,I15,HICP,CP0115,BG,2021-11,145.30,
ESTAT:PRC_FSC_IDX(1.0),03/10/23 11:00:00,M,I15,HICP,CP0115,BG,2021-12,147.27,
ESTAT:PRC_FSC_IDX(1.0),03/10/23 11:00:00,M,I15,HICP,CP0115,BG,2022-01,153.64,
ESTAT:PRC_FSC_IDX(1.0),03/10/23 11:00:00,M,I15,HICP,CP0115,BG,2022-02,156.30,
ESTAT:PRC_FSC_IDX(1.0),03/10/23 11:00:00,M,I15,HICP,CP0115,BG,2022-03,178.88,
ESTAT:PRC_FSC_IDX(1.0),03/10/23 11:00:00,M,I15,HICP,CP0115,BG,2022-04,186.98,
ESTAT:PRC_FSC_IDX(1.0),03/10/23 11:00:00,M,I15,HICP,CP0115,BG,2022-05,191.02,
ESTAT:PRC_FSC_IDX(1.0),03/10/23 11:00:00,M,I15,HICP,CP0115,BG,2022-06,196.29,
ESTAT:PRC_FSC_IDX(1.0),03/10/23 11:00:00,M,I15,HICP,CP0115,BG,2022-07,197.49,
ESTAT:PRC_FSC_IDX(1.0),03/10/23 11:00:00,M,I15,HICP,CP0115,BG,2022-08,197.11,
ESTAT:PRC_FSC_IDX(1.0),03/10/23 11:00:00,M,I15,HICP,CP0115,BG,2022-09,196.21,
ESTAT:PRC_FSC_IDX(1.0),03/10/23 11:00:00,M,I15,HICP,CP0115,BG,2022-10,193.69,
ESTAT:PRC_FSC_IDX(1.0),03/10/23 11:00:00,M,I15,HICP,CP0115,BG,2022-11,191.22,
ESTAT:PRC_FSC_IDX(1.0),03/10/23 11:00:00,M,I15,HICP,CP0115,BG,2022-12,190.69,
ESTAT:PRC_FSC_IDX(1.0),03/10/23 11:00:00,M,I15,HICP,CP0115,BG,2023-01,186.21,
ESTAT:PRC_FSC_IDX(1.0),03/10/23 11:00:00,M,I15,HICP,CP0115,BG,2023-02,183.42,
ESTAT:PRC_FSC_IDX(1.0),03/10/23 11:00:00,M,I15,HICP,CP0115,BG,2023-03,177.37,
ESTAT:PRC_FSC_IDX(1.0),03/10/23 11:00:00,M,I15,HICP,CP0115,BG,2023-04,168.52,
ESTAT:PRC_FSC_IDX(1.0),03/10/23 11:00:00,M,I15,HICP,CP0115,BG,2023-05,167.18,
ESTAT:PRC_FSC_IDX(1.0),03/10/23 11:00:00,M,I15,HICP,CP0115,BG,2023-06,159.87,
ESTAT:PRC_FSC_IDX(1.0),03/10/23 11:00:00,M,I15,HICP,CP0115,DE,2020-01,124.1,
ESTAT:PRC_FSC_IDX(1.0),03/10/23 11:00:00,M,I15,HICP,CP0115,DE,2020-02,123.4,
ESTAT:PRC_FSC_IDX(1.0),03/10/23 11:00:00,M,I15,HICP,CP0115,DE,2020-03,123.0,
ESTAT:PRC_FSC_IDX(1.0),03/10/23 11:00:00,M,I15,HICP,CP0115,DE,2020-04,123.3,
ESTAT:PRC_FSC_IDX(1.0),03/10/23 11:00:00,M,I15,HICP,CP0115,DE,2020-05,122.6,
ESTAT:PRC_FSC_IDX(1.0),03/10/23 11:00:00,M,I15,HICP,CP0115,DE,2020-06,122.1,
ESTAT:PRC_FSC_IDX(1.0),03/10/23 11:00:00,M,I15,HICP,CP0115,DE,2020-07,120.9,
ESTAT:PRC_FSC_IDX(1.0),03/10/23 11:00:00,M,I15,HICP,CP0115,DE,2020-08,121.2,
ESTAT:PRC_FSC_IDX(1.0),03/10/23 11:00:00,M,I15,HICP,CP0115,DE,2020-09,120.3,
ESTAT:PRC_FSC_IDX(1.0),03/10/23 11:00:00,M,I15,HICP,CP0115,DE,2020-10,119.0,
ESTAT:PRC_FSC_IDX(1.0),03/10/23 11:00:00,M,I15,HICP,CP0115,DE,2020-11,120.0,
ESTAT:PRC_FSC_IDX(1.0),03/10/23 11:00:00,M,I15,HICP,CP0115,DE,2020-12,119.0,
ESTAT:PRC_FSC_IDX(1.0),03/10/23 11:00:00,M,I15,HICP,CP0115,DE,2021-01,122.4,
ESTAT:PRC_FSC_IDX(1.0),03/10/23 11:00:00,M,I15,HICP,CP0115,DE,2021-02,121.4,
ESTAT:PRC_FSC_IDX(1.0),03/10/23 11:00:00,M,I15,HICP,CP0115,DE,2021-03,124.3,
ESTAT:PRC_FSC_IDX(1.0),03/10/23 11:00:00,M,I15,HICP,CP0115,DE,2021-04,126.1,
ESTAT:PRC_FSC_IDX(1.0),03/10/23 11:00:00,M,I15,HICP,CP0115,DE,2021-05,127.3,
ESTAT:PRC_FSC_IDX(1.0),03/10/23 11:00:00,M,I15,HICP,CP0115,DE,2021-06,128.8,
ESTAT:PRC_FSC_IDX(1.0),03/10/23 11:00:00,M,I15,HICP,CP0115,DE,2021-07,129.6,
ESTAT:PRC_FSC_IDX(1.0),03/10/23 11:00:00,M,I15,HICP,CP0115,DE,2021-08,130.6,
ESTAT:PRC_FSC_IDX(1.0),03/10/23 11:00:00,M,I15,HICP,CP0115,DE,2021-09,128.4,
ESTAT:PRC_FSC_IDX(1.0),03/10/23 11:00:00,M,I15,HICP,CP0115,DE,2021-10,128.1,
ESTAT:PRC_FSC_IDX(1.0),03/10/23 11:00:00,M,I15,HICP,CP0115,DE,2021-11,134.4,
ESTAT:PRC_FSC_IDX(1.0),03/10/23 11:00:00,M,I15,HICP,CP0115,DE,2021-12,137.6,
ESTAT:PRC_FSC_IDX(1.0),03/10/23 11:00:00,M,I15,HICP,CP0115,DE,2022-01,143.0,
ESTAT:PRC_FSC_IDX(1.0),03/10/23 11:00:00,M,I15,HICP,CP0115,DE,2022-02,144.4,
ESTAT:PRC_FSC_IDX(1.0),03/10/23 11:00:00,M,I15,HICP,CP0115,DE,2022-03,145.9,
ESTAT:PRC_FSC_IDX(1.0),03/10/23 11:00:00,M,I15,HICP,CP0115,DE,2022-04,160.1,
ESTAT:PRC_FSC_IDX(1.0),03/10/23 11:00:00,M,I15,HICP,CP0115,DE,2022-05,176.4,
ESTAT:PRC_FSC_IDX(1.0),03/10/23 11:00:00,M,I15,HICP,CP0115,DE,2022-06,184.7,
ESTAT:PRC_FSC_IDX(1.0),03/10/23 11:00:00,M,I15,HICP,CP0115,DE,2022-07,187.1,
ESTAT:PRC_FSC_IDX(1.0),03/10/23 11:00:00,M,I15,HICP,CP0115,DE,2022-08,188.6,
ESTAT:PRC_FSC_IDX(1.0),03/10/23 11:00:00,M,I15,HICP,CP0115,DE,2022-09,190.8,
ESTAT:PRC_FSC_IDX(1.0),03/10/23 11:00:00,M,I15,HICP,CP0115,DE,2022-10,191.4,
ESTAT:PRC_FSC_IDX(1.0),03/10/23 11:00:00,M,I15,HICP,CP0115,DE,2022-11,190.9,
ESTAT:PRC_FSC_IDX(1.0),03/10/23 11:00:00,M,I15,HICP,CP0115,DE,2022-12,194.0,
ESTAT:PRC_FSC_IDX(1.0),03/10/23 11:00:00,M,I15,HICP,CP0115,DE,2023-01,190.9,
ESTAT:PRC_FSC_IDX(1.0),03/10/23 11:00:00,M,I15,HICP,CP0115,DE,2023-02,177.5,
ESTAT:PRC_FSC_IDX(1.0),03/10/23 11:00:00,M,I15,HICP,CP0115,DE,2023-03,172.3,
ESTAT:PRC_FSC_IDX(1.0),03/10/23 11:00:00,M,I15,HICP,CP0115,DE,2023-04,167.8,
ESTAT:PRC_FSC_IDX(1.0),03/10/23 11:00:00,M,I15,HICP,CP0115,DE,2023-05,167.0,
ESTAT:PRC_FSC_IDX(1.0),03/10/23 11:00:00,M,I15,HICP,CP0115,DE,2023-06,165.7,
ESTAT:PRC_FSC_IDX(1.0),03/10/23 11:00:00,M,I15,HICP,CP0115,DK,2020-01,115.7,
ESTAT:PRC_FSC_IDX(1.0),03/10/23 11:00:00,M,I15,HICP,CP0115,DK,2020-02,115.4,
ESTAT:PRC_FSC_IDX(1.0),03/10/23 11:00:00,M,I15,HICP,CP0115,DK,2020-03,121.3,
ESTAT:PRC_FSC_IDX(1.0),03/10/23 11:00:00,M,I15,HICP,CP0115,DK,2020-04,115.7,
ESTAT:PRC_FSC_IDX(1.0),03/10/23 11:00:00,M,I15,HICP,CP0115,DK,2020-05,117.9,
ESTAT:PRC_FSC_IDX(1.0),03/10/23 11:00:00,M,I15,HICP,CP0115,DK,2020-06,123.1,
ESTAT:PRC_FSC_IDX(1.0),03/10/23 11:00:00,M,I15,HICP,CP0115,DK,2020-07,125.1,
ESTAT:PRC_FSC_IDX(1.0),03/10/23 11:00:00,M,I15,HICP,CP0115,DK,2020-08,117.9,
ESTAT:PRC_FSC_IDX(1.0),03/10/23 11:00:00,M,I15,HICP,CP0115,DK,2020-09,117.3,
ESTAT:PRC_FSC_IDX(1.0),03/10/23 11:00:00,M,I15,HICP,CP0115,DK,2020-10,115.9,
ESTAT:PRC_FSC_IDX(1.0),03/10/23 11:00:00,M,I15,HICP,CP0115,DK,2020-11,115.1,
ESTAT:PRC_FSC_IDX(1.0),03/10/23 11:00:00,M,I15,HICP,CP0115,DK,2020-12,103.2,
ESTAT:PRC_FSC_IDX(1.0),03/10/23 11:00:00,M,I15,HICP,CP0115,DK,2021-01,115.9,
ESTAT:PRC_FSC_IDX(1.0),03/10/23 11:00:00,M,I15,HICP,CP0115,DK,2021-02,111.8,
ESTAT:PRC_FSC_IDX(1.0),03/10/23 11:00:00,M,I15,HICP,CP0115,DK,2021-03,111.1,
ESTAT:PRC_FSC_IDX(1.0),03/10/23 11:00:00,M,I15,HICP,CP0115,DK,2021-04,116.9,
ESTAT:PRC_FSC_IDX(1.0),03/10/23 11:00:00,M,I15,HICP,CP0115,DK,2021-05,115.1,
ESTAT:PRC_FSC_IDX(1.0),03/10/23 11:00:00,M,I15,HICP,CP0115,DK,2021-06,120.5,
ESTAT:PRC_FSC_IDX(1.0),03/10/23 11:00:00,M,I15,HICP,CP0115,DK,2021-07,122.6,
ESTAT:PRC_FSC_IDX(1.0),03/10/23 11:00:00,M,I15,HICP,CP0115,DK,2021-08,121.8,
ESTAT:PRC_FSC_IDX(1.0),03/10/23 11:00:00,M,I15,HICP,CP0115,DK,2021-09,120.6,
ESTAT:PRC_FSC_IDX(1.0),03/10/23 11:00:00,M,I15,HICP,CP0115,DK,2021-10,118.3,
ESTAT:PRC_FSC_IDX(1.0),03/10/23 11:00:00,M,I15,HICP,CP0115,DK,2021-11,122.6,
ESTAT:PRC_FSC_IDX(1.0),03/10/23 11:00:00,M,I15,HICP,CP0115,DK,2021-12,104.4,
ESTAT:PRC_FSC_IDX(1.0),03/10/23 11:00:00,M,I15,HICP,CP0115,DK,2022-01,132.4,
ESTAT:PRC_FSC_IDX(1.0),03/10/23 11:00:00,M,I15,HICP,CP0115,DK,2022-02,132.2,
ESTAT:PRC_FSC_IDX(1.0),03/10/23 11:00:00,M,I15,HICP,CP0115,DK,2022-03,132.3,
ESTAT:PRC_FSC_IDX(1.0),03/10/23 11:00:00,M,I15,HICP,CP0115,DK,2022-04,119.5,
ESTAT:PRC_FSC_IDX(1.0),03/10/23 11:00:00,M,I15,HICP,CP0115,DK,2022-05,146.7,
ESTAT:PRC_FSC_IDX(1.0),03/10/23 11:00:00,M,I15,HICP,CP0115,DK,2022-06,161.5,
ESTAT:PRC_FSC_IDX(1.0),03/10/23 11:00:00,M,I15,HICP,CP0115,DK,2022-07,183.1,
ESTAT:PRC_FSC_IDX(1.0),03/10/23 11:00:00,M,I15,HICP,CP0115,DK,2022-08,178.9,
ESTAT:PRC_FSC_IDX(1.0),03/10/23 11:00:00,M,I15,HICP,CP0115,DK,2022-09,165.2,
ESTAT:PRC_FSC_IDX(1.0),03/10/23 11:00:00,M,I15,HICP,CP0115,DK,2022-10,163.0,
ESTAT:PRC_FSC_IDX(1.0),03/10/23 11:00:00,M,I15,HICP,CP0115,DK,2022-11,165.3,
ESTAT:PRC_FSC_IDX(1.0),03/10/23 11:00:00,M,I15,HICP,CP0115,DK,2022-12,139.7,
ESTAT:PRC_FSC_IDX(1.0),03/10/23 11:00:00,M,I15,HICP,CP0115,DK,2023-01,155.9,
ESTAT:PRC_FSC_IDX(1.0),03/10/23 11:00:00,M,I15,HICP,CP0115,DK,2023-02,164.3,
ESTAT:PRC_FSC_IDX(1.0),03/10/23 11:00:00,M,I15,HICP,CP0115,DK,2023-03,174.1,
ESTAT:PRC_FSC_IDX(1.0),03/10/23 11:00:00,M,I15,HICP,CP0115,DK,2023-04,156.3,
ESTAT:PRC_FSC_IDX(1.0),03/10/23 11:00:00,M,I15,HICP,CP0115,DK,2023-05,162.1,
ESTAT:PRC_FSC_IDX(1.0),03/10/23 11:00:00,M,I15,HICP,CP0115,DK,2023-06,169.3,
ESTAT:PRC_FSC_IDX(1.0),03/10/23 11:00:00,M,I15,HICP,CP0115,EL,2020-01,99.49,
ESTAT:PRC_FSC_IDX(1.0),03/10/23 11:00:00,M,I15,HICP,CP0115,EL,2020-02,98.45,
ESTAT:PRC_FSC_IDX(1.0),03/10/23 11:00:00,M,I15,HICP,CP0115,EL,2020-03,98.91,
ESTAT:PRC_FSC_IDX(1.0),03/10/23 11:00:00,M,I15,HICP,CP0115,EL,2020-04,98.80,
ESTAT:PRC_FSC_IDX(1.0),03/10/23 11:00:00,M,I15,HICP,CP0115,EL,2020-05,97.76,
ESTAT:PRC_FSC_IDX(1.0),03/10/23 11:00:00,M,I15,HICP,CP0115,EL,2020-06,97.27,
ESTAT:PRC_FSC_IDX(1.0),03/10/23 11:00:00,M,I15,HICP,CP0115,EL,2020-07,96.62,
ESTAT:PRC_FSC_IDX(1.0),03/10/23 11:00:00,M,I15,HICP,CP0115,EL,2020-08,95.60,
ESTAT:PRC_FSC_IDX(1.0),03/10/23 11:00:00,M,I15,HICP,CP0115,EL,2020-09,96.94,
ESTAT:PRC_FSC_IDX(1.0),03/10/23 11:00:00,M,I15,HICP,CP0115,EL,2020-10,96.00,
ESTAT:PRC_FSC_IDX(1.0),03/10/23 11:00:00,M,I15,HICP,CP0115,EL,2020-11,97.37,
ESTAT:PRC_FSC_IDX(1.0),03/10/23 11:00:00,M,I15,HICP,CP0115,EL,2020-12,98.17,
ESTAT:PRC_FSC_IDX(1.0),03/10/23 11:00:00,M,I15,HICP,CP0115,EL,2021-01,98.79,
ESTAT:PRC_FSC_IDX(1.0),03/10/23 11:00:00,M,I15,HICP,CP0115,EL,2021-02,98.14,
ESTAT:PRC_FSC_IDX(1.0),03/10/23 11:00:00,M,I15,HICP,CP0115,EL,2021-03,98.22,
ESTAT:PRC_FSC_IDX(1.0),03/10/23 11:00:00,M,I15,HICP,CP0115,EL,2021-04,97.67,
ESTAT:PRC_FSC_IDX(1.0),03/10/23 11:00:00,M,I15,HICP,CP0115,EL,2021-05,100.17,
ESTAT:PRC_FSC_IDX(1.0),03/10/23 11:00:00,M,I15,HICP,CP0115,EL,2021-06,99.95,
ESTAT:PRC_FSC_IDX(1.0),03/10/23 11:00:00,M,I15,HICP,CP0115,EL,2021-07,100.77,
ESTAT:PRC_FSC_IDX(1.0),03/10/23 11:00:00,M,I15,HICP,CP0115,EL,2021-08,102.84,
ESTAT:PRC_FSC_IDX(1.0),03/10/23 11:00:00,M,I15,HICP,CP0115,EL,2021-09,111.71,
ESTAT:PRC_FSC_IDX(1.0),03/10/23 11:00:00,M,I15,HICP,CP0115,EL,2021-10,113.54,
ESTAT:PRC_FSC_IDX(1.0),03/10/23 11:00:00,M,I15,HICP,CP0115,EL,2021-11,112.58,
ESTAT:PRC_FSC_IDX(1.0),03/10/23 11:00:00,M,I15,HICP,CP0115,EL,2021-12,112.80,
ESTAT:PRC_FSC_IDX(1.0),03/10/23 11:00:00,M,I15,HICP,CP0115,EL,2022-01,112.50,
ESTAT:PRC_FSC_IDX(1.0),03/10/23 11:00:00,M,I15,HICP,CP0115,EL,2022-02,114.63,
ESTAT:PRC_FSC_IDX(1.0),03/10/23 11:00:00,M,I15,HICP,CP0115,EL,2022-03,117.69,
ESTAT:PRC_FSC_IDX(1.0),03/10/23 11:00:00,M,I15,HICP,CP0115,EL,2022-04,119.05,
ESTAT:PRC_FSC_IDX(1.0),03/10/23 11:00:00,M,I15,HICP,CP0115,EL,2022-05,123.34,
ESTAT:PRC_FSC_IDX(1.0),03/10/23 11:00:00,M,I15,HICP,CP0115,EL,2022-06,124.79,
ESTAT:PRC_FSC_IDX(1.0),03/10/23 11:00:00,M,I15,HICP,CP0115,EL,2022-07,128.10,
ESTAT:PRC_FSC_IDX(1.0),03/10/23 11:00:00,M,I15,HICP,CP0115,EL,2022-08,128.99,
ESTAT:PRC_FSC_IDX(1.0),03/10/23 11:00:00,M,I15,HICP,CP0115,EL,2022-09,130.96,
ESTAT:PRC_FSC_IDX(1.0),03/10/23 11:00:00,M,I15,HICP,CP0115,EL,2022-10,132.55,
ESTAT:PRC_FSC_IDX(1.0),03/10/23 11:00:00,M,I15,HICP,CP0115,EL,2022-11,135.64,
ESTAT:PRC_FSC_IDX(1.0),03/10/23 11:00:00,M,I15,HICP,CP0115,EL,2022-12,137.43,
ESTAT:PRC_FSC_IDX(1.0),03/10/23 11:00:00,M,I15,HICP,CP0115,EL,2023-01,138.71,
ESTAT:PRC_FSC_IDX(1.0),03/10/23 11:00:00,M,I15,HICP,CP0115,EL,2023-02,141.03,
ESTAT:PRC_FSC_IDX(1.0),03/10/23 11:00:00,M,I15,HICP,CP0115,EL,2023-03,138.43,
ESTAT:PRC_FSC_IDX(1.0),03/10/23 11:00:00,M,I15,HICP,CP0115,EL,2023-04,138.48,
ESTAT:PRC_FSC_IDX(1.0),03/10/23 11:00:00,M,I15,HICP,CP0115,EL,2023-05,142.89,
ESTAT:PRC_FSC_IDX(1.0),03/10/23 11:00:00,M,I15,HICP,CP0115,EL,2023-06,142.61,
ESTAT:PRC_FSC_IDX(1.0),03/10/23 11:00:00,M,I15,HICP,CP0115,ES,2020-01,92.87,
ESTAT:PRC_FSC_IDX(1.0),03/10/23 11:00:00,M,I15,HICP,CP0115,ES,2020-02,92.03,
ESTAT:PRC_FSC_IDX(1.0),03/10/23 11:00:00,M,I15,HICP,CP0115,ES,2020-03,91.88,
ESTAT:PRC_FSC_IDX(1.0),03/10/23 11:00:00,M,I15,HICP,CP0115,ES,2020-04,92.39,
ESTAT:PRC_FSC_IDX(1.0),03/10/23 11:00:00,M,I15,HICP,CP0115,ES,2020-05,92.73,
ESTAT:PRC_FSC_IDX(1.0),03/10/23 11:00:00,M,I15,HICP,CP0115,ES,2020-06,92.11,
ESTAT:PRC_FSC_IDX(1.0),03/10/23 11:00:00,M,I15,HICP,CP0115,ES,2020-07,91.33,
ESTAT:PRC_FSC_IDX(1.0),03/10/23 11:00:00,M,I15,HICP,CP0115,ES,2020-08,90.99,
ESTAT:PRC_FSC_IDX(1.0),03/10/23 11:00:00,M,I15,HICP,CP0115,ES,2020-09,90.44,
ESTAT:PRC_FSC_IDX(1.0),03/10/23 11:00:00,M,I15,HICP,CP0115,ES,2020-10,90.76,
ESTAT:PRC_FSC_IDX(1.0),03/10/23 11:00:00,M,I15,HICP,CP0115,ES,2020-11,91.17,
ESTAT:PRC_FSC_IDX(1.0),03/10/23 11:00:00,M,I15,HICP,CP0115,ES,2020-12,91.67,
ESTAT:PRC_FSC_IDX(1.0),03/10/23 11:00:00,M,I15,HICP,CP0115,ES,2021-01,91.72,
ESTAT:PRC_FSC_IDX(1.0),03/10/23 11:00:00,M,I15,HICP,CP0115,ES,2021-02,92.51,
ESTAT:PRC_FSC_IDX(1.0),03/10/23 11:00:00,M,I15,HICP,CP0115,ES,2021-03,93.67,
ESTAT:PRC_FSC_IDX(1.0),03/10/23 11:00:00,M,I15,HICP,CP0115,ES,2021-04,96.33,
ESTAT:PRC_FSC_IDX(1.0),03/10/23 11:00:00,M,I15,HICP,CP0115,ES,2021-05,99.97,
ESTAT:PRC_FSC_IDX(1.0),03/10/23 11:00:00,M,I15,HICP,CP0115,ES,2021-06,104.19,
ESTAT:PRC_FSC_IDX(1.0),03/10/23 11:00:00,M,I15,HICP,CP0115,ES,2021-07,109.98,
ESTAT:PRC_FSC_IDX(1.0),03/10/23 11:00:00,M,I15,HICP,CP0115,ES,2021-08,111.84,
ESTAT:PRC_FSC_IDX(1.0),03/10/23 11:00:00,M,I15,HICP,CP0115,ES,2021-09,111.73,
ESTAT:PRC_FSC_IDX(1.0),03/10/23 11:00:00,M,I15,HICP,CP0115,ES,2021-10,112.43,
ESTAT:PRC_FSC_IDX(1.0),03/10/23 11:00:00,M,I15,HICP,CP0115,ES,2021-11,112.70,
ESTAT:PRC_FSC_IDX(1.0),03/10/23 11:00:00,M,I15,HICP,CP0115,ES,2021-12,114.04,
ESTAT:PRC_FSC_IDX(1.0),03/10/23 11:00:00,M,I15,HICP,CP0115,ES,2022-01,117.83,
ESTAT:PRC_FSC_IDX(1.0),03/10/23 11:00:00,M,I15,HICP,CP0115,ES,2022-02,118.48,
ESTAT:PRC_FSC_IDX(1.0),03/10/23 11:00:00,M,I15,HICP,CP0115,ES,2022-03,123.71,
ESTAT:PRC_FSC_IDX(1.0),03/10/23 11:00:00,M,I15,HICP,CP0115,ES,2022-04,142.95,
ESTAT:PRC_FSC_IDX(1.0),03/10/23 11:00:00,M,I15,HICP,CP0115,ES,2022-05,144.63,
ESTAT:PRC_FSC_IDX(1.0),03/10/23 11:00:00,M,I15,HICP,CP0115,ES,2022-06,142.75,
ESTAT:PRC_FSC_IDX(1.0),03/10/23 11:00:00,M,I15,HICP,CP0115,ES,2022-07,141.41,
ESTAT:PRC_FSC_IDX(1.0),03/10/23 11:00:00,M,I15,HICP,CP0115,ES,2022-08,138.64,
ESTAT:PRC_FSC_IDX(1.0),03/10/23 11:00:00,M,I15,HICP,CP0115,ES,2022-09,138.37,
ESTAT:PRC_FSC_IDX(1.0),03/10/23 11:00:00,M,I15,HICP,CP0115,ES,2022-10,139.32,
ESTAT:PRC_FSC_IDX(1.0),03/10/23 11:00:00,M,I15,HICP,CP0115,ES,2022-11,148.18,
ESTAT:PRC_FSC_IDX(1.0),03/10/23 11:00:00,M,I15,HICP,CP0115,ES,2022-12,157.52,
ESTAT:PRC_FSC_IDX(1.0),03/10/23 11:00:00,M,I15,HICP,CP0115,ES,2023-01,154.75,
ESTAT:PRC_FSC_IDX(1.0),03/10/23 11:00:00,M,I15,HICP,CP0115,ES,2023-02,157.49,
ESTAT:PRC_FSC_IDX(1.0),03/10/23 11:00:00,M,I15,HICP,CP0115,ES,2023-03,158.48,
ESTAT:PRC_FSC_IDX(1.0),03/10/23 11:00:00,M,I15,HICP,CP0115,ES,2023-04,160.48,
ESTAT:PRC_FSC_IDX(1.0),03/10/23 11:00:00,M,I15,HICP,CP0115,ES,2023-05,161.48,
ESTAT:PRC_FSC_IDX(1.0),03/10/23 11:00:00,M,I15,HICP,CP0115,ES,2023-06,164.67,
ESTAT:PRC_FSC_IDX(1.0),03/10/23 11:00:00,M,I15,HICP,CP0115,FI,2020-01,108.55,
ESTAT:PRC_FSC_IDX(1.0),03/10/23 11:00:00,M,I15,HICP,CP0115,FI,2020-02,107.63,
ESTAT:PRC_FSC_IDX(1.0),03/10/23 11:00:00,M,I15,HICP,CP0115,FI,2020-03,107.64,
ESTAT:PRC_FSC_IDX(1.0),03/10/23 11:00:00,M,I15,HICP,CP0115,FI,2020-04,107.62,
ESTAT:PRC_FSC_IDX(1.0),03/10/23 11:00:00,M,I15,HICP,CP0115,FI,2020-05,107.60,
ESTAT:PRC_FSC_IDX(1.0),03/10/23 11:00:00,M,I15,HICP,CP0115,FI,2020-06,107.62,
ESTAT:PRC_FSC_IDX(1.0),03/10/23 11:00:00,M,I15,HICP,CP0115,FI,2020-07,107.64,
ESTAT:PRC_FSC_IDX(1.0),03/10/23 11:00:00,M,I15,HICP,CP0115,FI,2020-08,107.43,
ESTAT:PRC_FSC_IDX(1.0),03/10/23 11:00:00,M,I15,HICP,CP0115,FI,2020-09,107.72,
ESTAT:PRC_FSC_IDX(1.0),03/10/23 11:00:00,M,I15,HICP,CP0115,FI,2020-10,107.53,
ESTAT:PRC_FSC_IDX(1.0),03/10/23 11:00:00,M,I15,HICP,CP0115,FI,2020-11,107.12,
ESTAT:PRC_FSC_IDX(1.0),03/10/23 11:00:00,M,I15,HICP,CP0115,FI,2020-12,107.26,
ESTAT:PRC_FSC_IDX(1.0),03/10/23 11:00:00,M,I15,HICP,CP0115,FI,2021-01,107.60,
ESTAT:PRC_FSC_IDX(1.0),03/10/23 11:00:00,M,I15,HICP,CP0115,FI,2021-02,106.50,
ESTAT:PRC_FSC_IDX(1.0),03/10/23 11:00:00,M,I15,HICP,CP0115,FI,2021-03,107.34,
ESTAT:PRC_FSC_IDX(1.0),03/10/23 11:00:00,M,I15,HICP,CP0115,FI,2021-04,107.29,
ESTAT:PRC_FSC_IDX(1.0),03/10/23 11:00:00,M,I15,HICP,CP0115,FI,2021-05,107.66,
ESTAT:PRC_FSC_IDX(1.0),03/10/23 11:00:00,M,I15,HICP,CP0115,FI,2021-06,107.62,
ESTAT:PRC_FSC_IDX(1.0),03/10/23 11:00:00,M,I15,HICP,CP0115,FI,2021-07,108.22,
ESTAT:PRC_FSC_IDX(1.0),03/10/23 11:00:00,M,I15,HICP,CP0115,FI,2021-08,108.08,
ESTAT:PRC_FSC_IDX(1.0),03/10/23 11:00:00,M,I15,HICP,CP0115,FI,2021-09,108.49,
ESTAT:PRC_FSC_IDX(1.0),03/10/23 11:00:00,M,I15,HICP,CP0115,FI,2021-10,109.03,
ESTAT:PRC_FSC_IDX(1.0),03/10/23 11:00:00,M,I15,HICP,CP0115,FI,2021-11,109.34,
ESTAT:PRC_FSC_IDX(1.0),03/10/23 11:00:00,M,I15,HICP,CP0115,FI,2021-12,109.83,
ESTAT:PRC_FSC_IDX(1.0),03/10/23 11:00:00,M,I15,HICP,CP0115,FI,2022-01,110.67,
ESTAT:PRC_FSC_IDX(1.0),03/10/23 11:00:00,M,I15,HICP,CP0115,FI,2022-02,114.45,
ESTAT:PRC_FSC_IDX(1.0),03/10/23 11:00:00,M,I15,HICP,CP0115,FI,2022-03,114.95,
ESTAT:PRC_FSC_IDX(1.0),03/10/23 11:00:00,M,I15,HICP,CP0115,FI,2022-04,117.59,
ESTAT:PRC_FSC_IDX(1.0),03/10/23 11:00:00,M,I15,HICP,CP0115,FI,2022-05,120.51,
ESTAT:PRC_FSC_IDX(1.0),03/10/23 11:00:00,M,I15,HICP,CP0115,FI,2022-06,122.93,
ESTAT:PRC_FSC_IDX(1.0),03/10/23 11:00:00,M,I15,HICP,CP0115,FI,2022-07,125.69,
ESTAT:PRC_FSC_IDX(1.0),03/10/23 11:00:00,M,I15,HICP,CP0115,FI,2022-08,126.83,
ESTAT:PRC_FSC_IDX(1.0),03/10/23 11:00:00,M,I15,HICP,CP0115,FI,2022-09,132.67,
ESTAT:PRC_FSC_IDX(1.0),03/10/23 11:00:00,M,I15,HICP,CP0115,FI,2022-10,132.30,
ESTAT:PRC_FSC_IDX(1.0),03/10/23 11:00:00,M,I15,HICP,CP0115,FI,2022-11,136.40,
ESTAT:PRC_FSC_IDX(1.0),03/10/23 11:00:00,M,I15,HICP,CP0115,FI,2022-12,135.86,
ESTAT:PRC_FSC_IDX(1.0),03/10/23 11:00:00,M,I15,HICP,CP0115,FI,2023-01,137.65,
ESTAT:PRC_FSC_IDX(1.0),03/10/23 11:00:00,M,I15,HICP,CP0115,FI,2023-02,139.22,
ESTAT:PRC_FSC_IDX(1.0),03/10/23 11:00:00,M,I15,HICP,CP0115,FI,2023-03,137.59,
ESTAT:PRC_FSC_IDX(1.0),03/10/23 11:00:00,M,I15,HICP,CP0115,FI,2023-04,137.92,
ESTAT:PRC_FSC_IDX(1.0),03/10/23 11:00:00,M,I15,HICP,CP0115,FI,2023-05,138.06,
ESTAT:PRC_FSC_IDX(1.0),03/10/23 11:00:00,M,I15,HICP,CP0115,FI,2023-06,138.62,
ESTAT:PRC_FSC_IDX(1.0),03/10/23 11:00:00,M,I15,HICP,CP0115,FR,2020-01,116.20,
ESTAT:PRC_FSC_IDX(1.0),03/10/23 11:00:00,M,I15,HICP,CP0115,FR,2020-02,116.17,
ESTAT:PRC_FSC_IDX(1.0),03/10/23 11:00:00,M,I15,HICP,CP0115,FR,2020-03,116.25,
ESTAT:PRC_FSC_IDX(1.0),03/10/23 11:00:00,M,I15,HICP,CP0115,FR,2020-04,115.84,
ESTAT:PRC_FSC_IDX(1.0),03/10/23 11:00:00,M,I15,HICP,CP0115,FR,2020-05,115.88,
ESTAT:PRC_FSC_IDX(1.0),03/10/23 11:00:00,M,I15,HICP,CP0115,FR,2020-06,116.36,
ESTAT:PRC_FSC_IDX(1.0),03/10/23 11:00:00,M,I15,HICP,CP0115,FR,2020-07,116.53,
ESTAT:PRC_FSC_IDX(1.0),03/10/23 11:00:00,M,I15,HICP,CP0115,FR,2020-08,116.57,
ESTAT:PRC_FSC_IDX(1.0),03/10/23 11:00:00,M,I15,HICP,CP0115,FR,2020-09,116.22,
ESTAT:PRC_FSC_IDX(1.0),03/10/23 11:00:00,M,I15,HICP,CP0115,FR,2020-10,116.21,
ESTAT:PRC_FSC_IDX(1.0),03/10/23 11:00:00,M,I15,HICP,CP0115,FR,2020-11,116.06,
ESTAT:PRC_FSC_IDX(1.0),03/10/23 11:00:00,M,I15,HICP,CP0115,FR,2020-12,116.10,
ESTAT:PRC_FSC_IDX(1.0),03/10/23 11:00:00,M,I15,HICP,CP0115,FR,2021-01,116.19,
ESTAT:PRC_FSC_IDX(1.0),03/10/23 11:00:00,M,I15,HICP,CP0115,FR,2021-02,116.06,
ESTAT:PRC_FSC_IDX(1.0),03/10/23 11:00:00,M,I15,HICP,CP0115,FR,2021-03,116.22,
ESTAT:PRC_FSC_IDX(1.0),03/10/23 11:00:00,M,I15,HICP,CP0115,FR,2021-04,116.25,
ESTAT:PRC_FSC_IDX(1.0),03/10/23 11:00:00,M,I15,HICP,CP0115,FR,2021-05,115.89,
ESTAT:PRC_FSC_IDX(1.0),03/10/23 11:00:00,M,I15,HICP,CP0115,FR,2021-06,116.55,
ESTAT:PRC_FSC_IDX(1.0),03/10/23 11:00:00,M,I15,HICP,CP0115,FR,2021-07,116.24,
ESTAT:PRC_FSC_IDX(1.0),03/10/23 11:00:00,M,I15,HICP,CP0115,FR,2021-08,116.17,
ESTAT:PRC_FSC_IDX(1.0),03/10/23 11:00:00,M,I15,HICP,CP0115,FR,2021-09,115.98,
ESTAT:PRC_FSC_IDX(1.0),03/10/23 11:00:00,M,I15,HICP,CP0115,FR,2021-10,116.20,
ESTAT:PRC_FSC_IDX(1.0),03/10/23 11:00:00,M,I15,HICP,CP0115,FR,2021-11,116.60,
ESTAT:PRC_FSC_IDX(1.0),03/10/23 11:00:00,M,I15,HICP,CP0115,FR,2021-12,116.95,
ESTAT:PRC_FSC_IDX(1.0),03/10/23 11:00:00,M,I15,HICP,CP0115,FR,2022-01,117.71,
ESTAT:PRC_FSC_IDX(1.0),03/10/23 11:00:00,M,I15,HICP,CP0115,FR,2022-02,118.87,
ESTAT:PRC_FSC_IDX(1.0),03/10/23 11:00:00,M,I15,HICP,CP0115,FR,2022-03,121.31,
ESTAT:PRC_FSC_IDX(1.0),03/10/23 11:00:00,M,I15,HICP,CP0115,FR,2022-04,124.66,
ESTAT:PRC_FSC_IDX(1.0),03/10/23 11:00:00,M,I15,HICP,CP0115,FR,2022-05,132.02,
ESTAT:PRC_FSC_IDX(1.0),03/10/23 11:00:00,M,I15,HICP,CP0115,FR,2022-06,137.14,
ESTAT:PRC_FSC_IDX(1.0),03/10/23 11:00:00,M,I15,HICP,CP0115,FR,2022-07,140.88,
ESTAT:PRC_FSC_IDX(1.0),03/10/23 11:00:00,M,I15,HICP,CP0115,FR,2022-08,144.41,
ESTAT:PRC_FSC_IDX(1.0),03/10/23 11:00:00,M,I15,HICP,CP0115,FR,2022-09,146.24,
ESTAT:PRC_FSC_IDX(1.0),03/10/23 11:00:00,M,I15,HICP,CP0115,FR,2022-10,148.63,
ESTAT:PRC_FSC_IDX(1.0),03/10/23 11:00:00,M,I15,HICP,CP0115,FR,2022-11,149.83,
ESTAT:PRC_FSC_IDX(1.0),03/10/23 11:00:00,M,I15,HICP,CP0115,FR,2022-12,151.07,
ESTAT:PRC_FSC_IDX(1.0),03/10/23 11:00:00,M,I15,HICP,CP0115,FR,2023-01,152.83,
ESTAT:PRC_FSC_IDX(1.0),03/10/23 11:00:00,M,I15,HICP,CP0115,FR,2023-02,154.44,
ESTAT:PRC_FSC_IDX(1.0),03/10/23 11:00:00,M,I15,HICP,CP0115,FR,2023-03,156.81,
ESTAT:PRC_FSC_IDX(1.0),03/10/23 11:00:00,M,I15,HICP,CP0115,FR,2023-04,158.28,
ESTAT:PRC_FSC_IDX(1.0),03/10/23 11:00:00,M,I15,HICP,CP0115,FR,2023-05,158.77,
ESTAT:PRC_FSC_IDX(1.0),03/10/23 11:00:00,M,I15,HICP,CP0115,FR,2023-06,158.97,
ESTAT:PRC_FSC_IDX(1.0),03/10/23 11:00:00,M,I15,HICP,CP0115,HR,2020-01,109.88,
ESTAT:PRC_FSC_IDX(1.0),03/10/23 11:00:00,M,I15,HICP,CP0115,HR,2020-02,108.34,
ESTAT:PRC_FSC_IDX(1.0),03/10/23 11:00:00,M,I15,HICP,CP0115,HR,2020-03,110.22,
ESTAT:PRC_FSC_IDX(1.0),03/10/23 11:00:00,M,I15,HICP,CP0115,HR,2020-04,109.92,
ESTAT:PRC_FSC_IDX(1.0),03/10/23 11:00:00,M,I15,HICP,CP0115,HR,2020-05,107.40,
ESTAT:PRC_FSC_IDX(1.0),03/10/23 11:00:00,M,I15,HICP,CP0115,HR,2020-06,107.28,
ESTAT:PRC_FSC_IDX(1.0),03/10/23 11:00:00,M,I15,HICP,CP0115,HR,2020-07,105.19,
ESTAT:PRC_FSC_IDX(1.0),03/10/23 11:00:00,M,I15,HICP,CP0115,HR,2020-08,107.58,
ESTAT:PRC_FSC_IDX(1.0),03/10/23 11:00:00,M,I15,HICP,CP0115,HR,2020-09,105.56,
ESTAT:PRC_FSC_IDX(1.0),03/10/23 11:00:00,M,I15,HICP,CP0115,HR,2020-10,105.32,
ESTAT:PRC_FSC_IDX(1.0),03/10/23 11:00:00,M,I15,HICP,CP0115,HR,2020-11,107.61,
ESTAT:PRC_FSC_IDX(1.0),03/10/23 11:00:00,M,I15,HICP,CP0115,HR,2020-12,105.04,
ESTAT:PRC_FSC_IDX(1.0),03/10/23 11:00:00,M,I15,HICP,CP0115,HR,2021-01,107.90,
ESTAT:PRC_FSC_IDX(1.0),03/10/23 11:00:00,M,I15,HICP,CP0115,HR,2021-02,109.25,
ESTAT:PRC_FSC_IDX(1.0),03/10/23 11:00:00,M,I15,HICP,CP0115,HR,2021-03,109.29,
ESTAT:PRC_FSC_IDX(1.0),03/10/23 11:00:00,M,I15,HICP,CP0115,HR,2021-04,112.13,
ESTAT:PRC_FSC_IDX(1.0),03/10/23 11:00:00,M,I15,HICP,CP0115,HR,2021-05,112.34,
ESTAT:PRC_FSC_IDX(1.0),03/10/23 11:00:00,M,I15,HICP,CP0115,HR,2021-06,114.10,
ESTAT:PRC_FSC_IDX(1.0),03/10/23 11:00:00,M,I15,HICP,CP0115,HR,2021-07,124.83,
ESTAT:PRC_FSC_IDX(1.0),03/10/23 11:00:00,M,I15,HICP,CP0115,HR,2021-08,126.12,
ESTAT:PRC_FSC_IDX(1.0),03/10/23 11:00:00,M,I15,HICP,CP0115,HR,2021-09,124.85,
ESTAT:PRC_FSC_IDX(1.0),03/10/23 11:00:00,M,I15,HICP,CP0115,HR,2021-10,126.59,
ESTAT:PRC_FSC_IDX(1.0),03/10/23 11:00:00,M,I15,HICP,CP0115,HR,2021-11,129.91,
ESTAT:PRC_FSC_IDX(1.0),03/10/23 11:00:00,M,I15,HICP,CP0115,HR,2021-12,127.73,
ESTAT:PRC_FSC_IDX(1.0),03/10/23 11:00:00,M,I15,HICP,CP0115,HR,2022-01,138.58,
ESTAT:PRC_FSC_IDX(1.0),03/10/23 11:00:00,M,I15,HICP,CP0115,HR,2022-02,134.34,
ESTAT:PRC_FSC_IDX(1.0),03/10/23 11:00:00,M,I15,HICP,CP0115,HR,2022-03,133.02,
ESTAT:PRC_FSC_IDX(1.0),03/10/23 11:00:00,M,I15,HICP,CP0115,HR,2022-04,143.04,
ESTAT:PRC_FSC_IDX(1.0),03/10/23 11:00:00,M,I15,HICP,CP0115,HR,2022-05,149.40,
ESTAT:PRC_FSC_IDX(1.0),03/10/23 11:00:00,M,I15,HICP,CP0115,HR,2022-06,151.47,
ESTAT:PRC_FSC_IDX(1.0),03/10/23 11:00:00,M,I15,HICP,CP0115,HR,2022-07,156.54,
ESTAT:PRC_FSC_IDX(1.0),03/10/23 11:00:00,M,I15,HICP,CP0115,HR,2022-08,158.27,
ESTAT:PRC_FSC_IDX(1.0),03/10/23 11:00:00,M,I15,HICP,CP0115,HR,2022-09,144.61,
ESTAT:PRC_FSC_IDX(1.0),03/10/23 11:00:00,M,I15,HICP,CP0115,HR,2022-10,143.05,
ESTAT:PRC_FSC_IDX(1.0),03/10/23 11:00:00,M,I15,HICP,CP0115,HR,2022-11,141.93,
ESTAT:PRC_FSC_IDX(1.0),03/10/23 11:00:00,M,I15,HICP,CP0115,HR,2022-12,145.51,
ESTAT:PRC_FSC_IDX(1.0),03/10/23 11:00:00,M,I15,HICP,CP0115,HR,2023-01,146.64,
ESTAT:PRC_FSC_IDX(1.0),03/10/23 11:00:00,M,I15,HICP,CP0115,HR,2023-02,141.52,
ESTAT:PRC_FSC_IDX(1.0),03/10/23 11:00:00,M,I15,HICP,CP0115,HR,2023-03,140.42,
ESTAT:PRC_FSC_IDX(1.0),03/10/23 11:00:00,M,I15,HICP,CP0115,HR,2023-04,135.93,
ESTAT:PRC_FSC_IDX(1.0),03/10/23 11:00:00,M,I15,HICP,CP0115,HR,2023-05,137.58,
ESTAT:PRC_FSC_IDX(1.0),03/10/23 11:00:00,M,I15,HICP,CP0115,HR,2023-06,137.06,
ESTAT:PRC_FSC_IDX(1.0),03/10/23 11:00:00,M,I15,HICP,CP0115,IT,2020-01,105.3,
ESTAT:PRC_FSC_IDX(1.0),03/10/23 11:00:00,M,I15,HICP,CP0115,IT,2020-02,104.1,
ESTAT:PRC_FSC_IDX(1.0),03/10/23 11:00:00,M,I15,HICP,CP0115,IT,2020-03,104.7,
ESTAT:PRC_FSC_IDX(1.0),03/10/23 11:00:00,M,I15,HICP,CP0115,IT,2020-04,106.0,
ESTAT:PRC_FSC_IDX(1.0),03/10/23 11:00:00,M,I15,HICP,CP0115,IT,2020-05,105.6,
ESTAT:PRC_FSC_IDX(1.0),03/10/23 11:00:00,M,I15,HICP,CP0115,IT,2020-06,104.2,
ESTAT:PRC_FSC_IDX(1.0),03/10/23 11:00:00,M,I15,HICP,CP0115,IT,2020-07,102.7,
ESTAT:PRC_FSC_IDX(1.0),03/10/23 11:00:00,M,I15,HICP,CP0115,IT,2020-08,102.3,
ESTAT:PRC_FSC_IDX(1.0),03/10/23 11:00:00,M,I15,HICP,CP0115,IT,2020-09,100.7,
ESTAT:PRC_FSC_IDX(1.0),03/10/23 11:00:00,M,I15,HICP,CP0115,IT,2020-10,100.8,
ESTAT:PRC_FSC_IDX(1.0),03/10/23 11:00:00,M,I15,HICP,CP0115,IT,2020-11,99.8,
ESTAT:PRC_FSC_IDX(1.0),03/10/23 11:00:00,M,I15,HICP,CP0115,IT,2020-12,98.9,
ESTAT:PRC_FSC_IDX(1.0),03/10/23 11:00:00,M,I15,HICP,CP0115,IT,2021-01,101.8,
ESTAT:PRC_FSC_IDX(1.0),03/10/23 11:00:00,M,I15,HICP,CP0115,IT,2021-02,102.1,
ESTAT:PRC_FSC_IDX(1.0),03/10/23 11:00:00,M,I15,HICP,CP0115,IT,2021-03,101.8,
ESTAT:PRC_FSC_IDX(1.0),03/10/23 11:00:00,M,I15,HICP,CP0115,IT,2021-04,104.8,
ESTAT:PRC_FSC_IDX(1.0),03/10/23 11:00:00,M,I15,HICP,CP0115,IT,2021-05,105.2,
ESTAT:PRC_FSC_IDX(1.0),03/10/23 11:00:00,M,I15,HICP,CP0115,IT,2021-06,105.4,
ESTAT:PRC_FSC_IDX(1.0),03/10/23 11:00:00,M,I15,HICP,CP0115,IT,2021-07,105.8,
ESTAT:PRC_FSC_IDX(1.0),03/10/23 11:00:00,M,I15,HICP,CP0115,IT,2021-08,107.1,
ESTAT:PRC_FSC_IDX(1.0),03/10/23 11:00:00,M,I15,HICP,CP0115,IT,2021-09,106.0,
ESTAT:PRC_FSC_IDX(1.0),03/10/23 11:00:00,M,I15,HICP,CP0115,IT,2021-10,106.2,
ESTAT:PRC_FSC_IDX(1.0),03/10/23 11:00:00,M,I15,HICP,CP0115,IT,2021-11,106.6,
ESTAT:PRC_FSC_IDX(1.0),03/10/23 11:00:00,M,I15,HICP,CP0115,IT,2021-12,106.5,
ESTAT:PRC_FSC_IDX(1.0),03/10/23 11:00:00,M,I15,HICP,CP0115,IT,2022-01,109.0,
ESTAT:PRC_FSC_IDX(1.0),03/10/23 11:00:00,M,I15,HICP,CP0115,IT,2022-02,109.9,
ESTAT:PRC_FSC_IDX(1.0),03/10/23 11:00:00,M,I15,HICP,CP0115,IT,2022-03,112.3,
ESTAT:PRC_FSC_IDX(1.0),03/10/23 11:00:00,M,I15,HICP,CP0115,IT,2022-04,120.6,
ESTAT:PRC_FSC_IDX(1.0),03/10/23 11:00:00,M,I15,HICP,CP0115,IT,2022-05,125.2,
ESTAT:PRC_FSC_IDX(1.0),03/10/23 11:00:00,M,I15,HICP,CP0115,IT,2022-06,127.0,
ESTAT:PRC_FSC_IDX(1.0),03/10/23 11:00:00,M,I15,HICP,CP0115,IT,2022-07,128.4,
ESTAT:PRC_FSC_IDX(1.0),03/10/23 11:00:00,M,I15,HICP,CP0115,IT,2022-08,128.5,
ESTAT:PRC_FSC_IDX(1.0),03/10/23 11:00:00,M,I15,HICP,CP0115,IT,2022-09,128.8,
ESTAT:PRC_FSC_IDX(1.0),03/10/23 11:00:00,M,I15,HICP,CP0115,IT,2022-10,130.1,
ESTAT:PRC_FSC_IDX(1.0),03/10/23 11:00:00,M,I15,HICP,CP0115,IT,2022-11,132.4,
ESTAT:PRC_FSC_IDX(1.0),03/10/23 11:00:00,M,I15,HICP,CP0115,IT,2022-12,133.8,
ESTAT:PRC_FSC_IDX(1.0),03/10/23 11:00:00,M,I15,HICP,CP0115,IT,2023-01,138.6,
ESTAT:PRC_FSC_IDX(1.0),03/10/23 11:00:00,M,I15,HICP,CP0115,IT,2023-02,142.0,
ESTAT:PRC_FSC_IDX(1.0),03/10/23 11:00:00,M,I15,HICP,CP0115,IT,2023-03,143.9,
ESTAT:PRC_FSC_IDX(1.0),03/10/23 11:00:00,M,I15,HICP,CP0115,IT,2023-04,144.2,
ESTAT:PRC_FSC_IDX(1.0),03/10/23 11:00:00,M,I15,HICP,CP0115,IT,2023-05,145.1,
ESTAT:PRC_FSC_IDX(1.0),03/10/23 11:00:00,M,I15,HICP,CP0115,IT,2023-06,146.6,
ESTAT:PRC_FSC_IDX(1.0),03/10/23 11:00:00,M,I15,HICP,CP0115,NL,2020-01,121.51,
ESTAT:PRC_FSC_IDX(1.0),03/10/23 11:00:00,M,I15,HICP,CP0115,NL,2020-02,122.82,
ESTAT:PRC_FSC_IDX(1.0),03/10/23 11:00:00,M,I15,HICP,CP0115,NL,2020-03,123.41,
ESTAT:PRC_FSC_IDX(1.0),03/10/23 11:00:00,M,I15,HICP,CP0115,NL,2020-04,123.76,
ESTAT:PRC_FSC_IDX(1.0),03/10/23 11:00:00,M,I15,HICP,CP0115,NL,2020-05,122.71,
ESTAT:PRC_FSC_IDX(1.0),03/10/23 11:00:00,M,I15,HICP,CP0115,NL,2020-06,122.11,
ESTAT:PRC_FSC_IDX(1.0),03/10/23 11:00:00,M,I15,HICP,CP0115,NL,2020-07,124.62,
ESTAT:PRC_FSC_IDX(1.0),03/10/23 11:00:00,M,I15,HICP,CP0115,NL,2020-08,121.62,
ESTAT:PRC_FSC_IDX(1.0),03/10/23 11:00:00,M,I15,HICP,CP0115,NL,2020-09,121.42,
ESTAT:PRC_FSC_IDX(1.0),03/10/23 11:00:00,M,I15,HICP,CP0115,NL,2020-10,121.27,
ESTAT:PRC_FSC_IDX(1.0),03/10/23 11:00:00,M,I15,HICP,CP0115,NL,2020-11,120.77,
ESTAT:PRC_FSC_IDX(1.0),03/10/23 11:00:00,M,I15,HICP,CP0115,NL,2020-12,120.46,
ESTAT:PRC_FSC_IDX(1.0),03/10/23 11:00:00,M,I15,HICP,CP0115,NL,2021-01,119.81,
ESTAT:PRC_FSC_IDX(1.0),03/10/23 11:00:00,M,I15,HICP,CP0115,NL,2021-02,121.14,
ESTAT:PRC_FSC_IDX(1.0),03/10/23 11:00:00,M,I15,HICP,CP0115,NL,2021-03,120.37,
ESTAT:PRC_FSC_IDX(1.0),03/10/23 11:00:00,M,I15,HICP,CP0115,NL,2021-04,121.04,
ESTAT:PRC_FSC_IDX(1.0),03/10/23 11:00:00,M,I15,HICP,CP0115,NL,2021-05,121.31,
ESTAT:PRC_FSC_IDX(1.0),03/10/23 11:00:00,M,I15,HICP,CP0115,NL,2021-06,120.60,
ESTAT:PRC_FSC_IDX(1.0),03/10/23 11:00:00,M,I15,HICP,CP0115,NL,2021-07,120.60,
ESTAT:PRC_FSC_IDX(1.0),03/10/23 11:00:00,M,I15,HICP,CP0115,NL,2021-08,121.79,
ESTAT:PRC_FSC_IDX(1.0),03/10/23 11:00:00,M,I15,HICP,CP0115,NL,2021-09,121.89,
ESTAT:PRC_FSC_IDX(1.0),03/10/23 11:00:00,M,I15,HICP,CP0115,NL,2021-10,120.82,
ESTAT:PRC_FSC_IDX(1.0),03/10/23 11:00:00,M,I15,HICP,CP0115,NL,2021-11,121.90,
ESTAT:PRC_FSC_IDX(1.0),03/10/23 11:00:00,M,I15,HICP,CP0115,NL,2021-12,124.33,
ESTAT:PRC_FSC_IDX(1.0),03/10/23 11:00:00,M,I15,HICP,CP0115,NL,2022-01,131.41,
ESTAT:PRC_FSC_IDX(1.0),03/10/23 11:00:00,M,I15,HICP,CP0115,NL,2022-02,134.15,
ESTAT:PRC_FSC_IDX(1.0),03/10/23 11:00:00,M,I15,HICP,CP0115,NL,2022-03,136.32,
ESTAT:PRC_FSC_IDX(1.0),03/10/23 11:00:00,M,I15,HICP,CP0115,NL,2022-04,137.53,
ESTAT:PRC_FSC_IDX(1.0),03/10/23 11:00:00,M,I15,HICP,CP0115,NL,2022-05,143.89,
ESTAT:PRC_FSC_IDX(1.0),03/10/23 11:00:00,M,I15,HICP,CP0115,NL,2022-06,150.62,
ESTAT:PRC_FSC_IDX(1.0),03/10/23 11:00:00,M,I15,HICP,CP0115,NL,2022-07,158.45,
ESTAT:PRC_FSC_IDX(1.0),03/10/23 11:00:00,M,I15,HICP,CP0115,NL,2022-08,162.64,
ESTAT:PRC_FSC_IDX(1.0),03/10/23 11:00:00,M,I15,HICP,CP0115,NL,2022-09,160.75,
ESTAT:PRC_FSC_IDX(1.0),03/10/23 11:00:00,M,I15,HICP,CP0115,NL,2022-10,163.21,
ESTAT:PRC_FSC_IDX(1.0),03/10/23 11:00:00,M,I15,HICP,CP0115,NL,2022-11,164.74,
ESTAT:PRC_FSC_IDX(1.0),03/10/23 11:00:00,M,I15,HICP,CP0115,NL,2022-12,168.73,
ESTAT:PRC_FSC_IDX(1.0),03/10/23 11:00:00,M,I15,HICP,CP0115,NL,2023-01,172.85,
ESTAT:PRC_FSC_IDX(1.0),03/10/23 11:00:00,M,I15,HICP,CP0115,NL,2023-02,171.48,
ESTAT:PRC_FSC_IDX(1.0),03/10/23 11:00:00,M,I15,HICP,CP0115,NL,2023-03,170.52,
ESTAT:PRC_FSC_IDX(1.0),03/10/23 11:00:00,M,I15,HICP,CP0115,NL,2023-04,167.18,
ESTAT:PRC_FSC_IDX(1.0),03/10/23 11:00:00,M,I15,HICP,CP0115,NL,2023-05,166.21,
ESTAT:PRC_FSC_IDX(1.0),03/10/23 11:00:00,M,I15,HICP,CP0115,NL,2023-06,166.05,
ESTAT:PRC_FSC_IDX(1.0),03/10/23 11:00:00,M,I15,HICP,CP0115,PL,2020-01,118.0,
ESTAT:PRC_FSC_IDX(1.0),03/10/23 11:00:00,M,I15,HICP,CP0115,PL,2020-02,117.8,
ESTAT:PRC_FSC_IDX(1.0),03/10/23 11:00:00,M,I15,HICP,CP0115,PL,2020-03,118.6,
ESTAT:PRC_FSC_IDX(1.0),03/10/23 11:00:00,M,I15,HICP,CP0115,PL,2020-04,116.6,
ESTAT:PRC_FSC_IDX(1.0),03/10/23 11:00:00,M,I15,HICP,CP0115,PL,2020-05,117.6,
ESTAT:PRC_FSC_IDX(1.0),03/10/23 11:00:00,M,I15,HICP,CP0115,PL,2020-06,117.7,
ESTAT:PRC_FSC_IDX(1.0),03/10/23 11:00:00,M,I15,HICP,CP0115,PL,2020-07,116.8,
ESTAT:PRC_FSC_IDX(1.0),03/10/23 11:00:00,M,I15,HICP,CP0115,PL,2020-08,116.6,
ESTAT:PRC_FSC_IDX(1.0),03/10/23 11:00:00,M,I15,HICP,CP0115,PL,2020-09,117.0,
ESTAT:PRC_FSC_IDX(1.0),03/10/23 11:00:00,M,I15,HICP,CP0115,PL,2020-10,116.9,
ESTAT:PRC_FSC_IDX(1.0),03/10/23 11:00:00,M,I15,HICP,CP0115,PL,2020-11,117.6,
ESTAT:PRC_FSC_IDX(1.0),03/10/23 11:00:00,M,I15,HICP,CP0115,PL,2020-12,115.7,
ESTAT:PRC_FSC_IDX(1.0),03/10/23 11:00:00,M,I15,HICP,CP0115,PL,2021-01,115.8,
ESTAT:PRC_FSC_IDX(1.0),03/10/23 11:00:00,M,I15,HICP,CP0115,PL,2021-02,115.5,
ESTAT:PRC_FSC_IDX(1.0),03/10/23 11:00:00,M,I15,HICP,CP0115,PL,2021-03,116.1,
ESTAT:PRC_FSC_IDX(1.0),03/10/23 11:00:00,M,I15,HICP,CP0115,PL,2021-04,117.1,
ESTAT:PRC_FSC_IDX(1.0),03/10/23 11:00:00,M,I15,HICP,CP0115,PL,2021-05,118.2,
ESTAT:PRC_FSC_IDX(1.0),03/10/23 11:00:00,M,I15,HICP,CP0115,PL,2021-06,119.3,
ESTAT:PRC_FSC_IDX(1.0),03/10/23 11:00:00,M,I15,HICP,CP0115,PL,2021-07,120.4,
ESTAT:PRC_FSC_IDX(1.0),03/10/23 11:00:00,M,I15,HICP,CP0115,PL,2021-08,121.9,
ESTAT:PRC_FSC_IDX(1.0),03/10/23 11:00:00,M,I15,HICP,CP0115,PL,2021-09,123.8,
ESTAT:PRC_FSC_IDX(1.0),03/10/23 11:00:00,M,I15,HICP,CP0115,PL,2021-10,129.3,
ESTAT:PRC_FSC_IDX(1.0),03/10/23 11:00:00,M,I15,HICP,CP0115,PL,2021-11,136.4,
ESTAT:PRC_FSC_IDX(1.0),03/10/23 11:00:00,M,I15,HICP,CP0115,PL,2021-12,140.4,
ESTAT:PRC_FSC_IDX(1.0),03/10/23 11:00:00,M,I15,HICP,CP0115,PL,2022-01,144.6,
ESTAT:PRC_FSC_IDX(1.0),03/10/23 11:00:00,M,I15,HICP,CP0115,PL,2022-02,143.0,
ESTAT:PRC_FSC_IDX(1.0),03/10/23 11:00:00,M,I15,HICP,CP0115,PL,2022-03,145.4,
ESTAT:PRC_FSC_IDX(1.0),03/10/23 11:00:00,M,I15,HICP,CP0115,PL,2022-04,151.0,
ESTAT:PRC_FSC_IDX(1.0),03/10/23 11:00:00,M,I15,HICP,CP0115,PL,2022-05,156.4,
ESTAT:PRC_FSC_IDX(1.0),03/10/23 11:00:00,M,I15,HICP,CP0115,PL,2022-06,161.9,
ESTAT:PRC_FSC_IDX(1.0),03/10/23 11:00:00,M,I15,HICP,CP0115,PL,2022-07,165.9,
ESTAT:PRC_FSC_IDX(1.0),03/10/23 11:00:00,M,I15,HICP,CP0115,PL,2022-08,170.6,
ESTAT:PRC_FSC_IDX(1.0),03/10/23 11:00:00,M,I15,HICP,CP0115,PL,2022-09,173.5,
ESTAT:PRC_FSC_IDX(1.0),03/10/23 11:00:00,M,I15,HICP,CP0115,PL,2022-10,178.3,
ESTAT:PRC_FSC_IDX(1.0),03/10/23 11:00:00,M,I15,HICP,CP0115,PL,2022-11,180.7,
ESTAT:PRC_FSC_IDX(1.0),03/10/23 11:00:00,M,I15,HICP,CP0115,PL,2022-12,180.2,
ESTAT:PRC_FSC_IDX(1.0),03/10/23 11:00:00,M,I15,HICP,CP0115,PL,2023-01,179.7,
ESTAT:PRC_FSC_IDX(1.0),03/10/23 11:00:00,M,I15,HICP,CP0115,PL,2023-02,173.5,
ESTAT:PRC_FSC_IDX(1.0),03/10/23 11:00:00,M,I15,HICP,CP0115,PL,2023-03,172.9,
ESTAT:PRC_FSC_IDX(1.0),03/10/23 11:00:00,M,I15,HICP,CP0115,PL,2023-04,169.1,
ESTAT:PRC_FSC_IDX(1.0),03/10/23 11:00:00,M,I15,HICP,CP0115,PL,2023-05,167.4,
ESTAT:PRC_FSC_IDX(1.0),03/10/23 11:00:00,M,I15,HICP,CP0115,PL,2023-06,164.4,
ESTAT:PRC_FSC_IDX(1.0),03/10/23 11:00:00,M,I15,HICP,CP0115,PT,2020-01,102.33,
ESTAT:PRC_FSC_IDX(1.0),03/10/23 11:00:00,M,I15,HICP,CP0115,PT,2020-02,98.90,
ESTAT:PRC_FSC_IDX(1.0),03/10/23 11:00:00,M,I15,HICP,CP0115,PT,2020-03,99.42,
ESTAT:PRC_FSC_IDX(1.0),03/10/23 11:00:00,M,I15,HICP,CP0115,PT,2020-04,100.72,
ESTAT:PRC_FSC_IDX(1.0),03/10/23 11:00:00,M,I15,HICP,CP0115,PT,2020-05,98.57,
ESTAT:PRC_FSC_IDX(1.0),03/10/23 11:00:00,M,I15,HICP,CP0115,PT,2020-06,104.61,
ESTAT:PRC_FSC_IDX(1.0),03/10/23 11:00:00,M,I15,HICP,CP0115,PT,2020-07,99.79,
ESTAT:PRC_FSC_IDX(1.0),03/10/23 11:00:00,M,I15,HICP,CP0115,PT,2020-08,97.27,
ESTAT:PRC_FSC_IDX(1.0),03/10/23 11:00:00,M,I15,HICP,CP0115,PT,2020-09,96.43,
ESTAT:PRC_FSC_IDX(1.0),03/10/23 11:00:00,M,I15,HICP,CP0115,PT,2020-10,97.45,
ESTAT:PRC_FSC_IDX(1.0),03/10/23 11:00:00,M,I15,HICP,CP0115,PT,2020-11,96.10,
ESTAT:PRC_FSC_IDX(1.0),03/10/23 11:00:00,M,I15,HICP,CP0115,PT,2020-12,97.03,
ESTAT:PRC_FSC_IDX(1.0),03/10/23 11:00:00,M,I15,HICP,CP0115,PT,2021-01,99.29,
ESTAT:PRC_FSC_IDX(1.0),03/10/23 11:00:00,M,I15,HICP,CP0115,PT,2021-02,103.03,
ESTAT:PRC_FSC_IDX(1.0),03/10/23 11:00:00,M,I15,HICP,CP0115,PT,2021-03,103.05,
ESTAT:PRC_FSC_IDX(1.0),03/10/23 11:00:00,M,I15,HICP,CP0115,PT,2021-04,107.17,
ESTAT:PRC_FSC_IDX(1.0),03/10/23 11:00:00,M,I15,HICP,CP0115,PT,2021-05,108.27,
ESTAT:PRC_FSC_IDX(1.0),03/10/23 11:00:00,M,I15,HICP,CP0115,PT,2021-06,108.68,
ESTAT:PRC_FSC_IDX(1.0),03/10/23 11:00:00,M,I15,HICP,CP0115,PT,2021-07,112.16,
ESTAT:PRC_FSC_IDX(1.0),03/10/23 11:00:00,M,I15,HICP,CP0115,PT,2021-08,109.49,
ESTAT:PRC_FSC_IDX(1.0),03/10/23 11:00:00,M,I15,HICP,CP0115,PT,2021-09,112.78,
ESTAT:PRC_FSC_IDX(1.0),03/10/23 11:00:00,M,I15,HICP,CP0115,PT,2021-10,113.35,
ESTAT:PRC_FSC_IDX(1.0),03/10/23 11:00:00,M,I15,HICP,CP0115,PT,2021-11,112.62,
ESTAT:PRC_FSC_IDX(1.0),03/10/23 11:00:00,M,I15,HICP,CP0115,PT,2021-12,112.13,
ESTAT:PRC_FSC_IDX(1.0),03/10/23 11:00:00,M,I15,HICP,CP0115,PT,2022-01,115.16,
ESTAT:PRC_FSC_IDX(1.0),03/10/23 11:00:00,M,I15,HICP,CP0115,PT,2022-02,119.17,
ESTAT:PRC_FSC_IDX(1.0),03/10/23 11:00:00,M,I15,HICP,CP0115,PT,2022-03,136.20,
ESTAT:PRC_FSC_IDX(1.0),03/10/23 11:00:00,M,I15,HICP,CP0115,PT,2022-04,154.13,
ESTAT:PRC_FSC_IDX(1.0),03/10/23 11:00:00,M,I15,HICP,CP0115,PT,2022-05,155.37,
ESTAT:PRC_FSC_IDX(1.0),03/10/23 11:00:00,M,I15,HICP,CP0115,PT,2022-06,154.96,
ESTAT:PRC_FSC_IDX(1.0),03/10/23 11:00:00,M,I15,HICP,CP0115,PT,2022-07,150.19,
ESTAT:PRC_FSC_IDX(1.0),03/10/23 11:00:00,M,I15,HICP,CP0115,PT,2022-08,146.46,
ESTAT:PRC_FSC_IDX(1.0),03/10/23 11:00:00,M,I15,HICP,CP0115,PT,2022-09,144.63,
ESTAT:PRC_FSC_IDX(1.0),03/10/23 11:00:00,M,I15,HICP,CP0115,PT,2022-10,148.39,
ESTAT:PRC_FSC_IDX(1.0),03/10/23 11:00:00,M,I15,HICP,CP0115,PT,2022-11,150.41,
ESTAT:PRC_FSC_IDX(1.0),03/10/23 11:00:00,M,I15,HICP,CP0115,PT,2022-12,149.88,
ESTAT:PRC_FSC_IDX(1.0),03/10/23 11:00:00,M,I15,HICP,CP0115,PT,2023-01,153.86,
ESTAT:PRC_FSC_IDX(1.0),03/10/23 11:00:00,M,I15,HICP,CP0115,PT,2023-02,160.86,
ESTAT:PRC_FSC_IDX(1.0),03/10/23 11:00:00,M,I15,HICP,CP0115,PT,2023-03,159.85,
ESTAT:PRC_FSC_IDX(1.0),03/10/23 11:00:00,M,I15,HICP,CP0115,PT,2023-04,159.92,
ESTAT:PRC_FSC_IDX(1.0),03/10/23 11:00:00,M,I15,HICP,CP0115,PT,2023-05,138.21,
ESTAT:PRC_FSC_IDX(1.0),03/10/23 11:00:00,M,I15,HICP,CP0115,PT,2023-06,131.84,
ESTAT:PRC_FSC_IDX(1.0),03/10/23 11:00:00,M,I15,HICP,CP0115,RO,2020-01,107.33,
ESTAT:PRC_FSC_IDX(1.0),03/10/23 11:00:00,M,I15,HICP,CP0115,RO,2020-02,107.59,
ESTAT:PRC_FSC_IDX(1.0),03/10/23 11:00:00,M,I15,HICP,CP0115,RO,2020-03,108.44,
ESTAT:PRC_FSC_IDX(1.0),03/10/23 11:00:00,M,I15,HICP,CP0115,RO,2020-04,109.30,
ESTAT:PRC_FSC_IDX(1.0),03/10/23 11:00:00,M,I15,HICP,CP0115,RO,2020-05,109.65,
ESTAT:PRC_FSC_IDX(1.0),03/10/23 11:00:00,M,I15,HICP,CP0115,RO,2020-06,110.10,
ESTAT:PRC_FSC_IDX(1.0),03/10/23 11:00:00,M,I15,HICP,CP0115,RO,2020-07,110.34,
ESTAT:PRC_FSC_IDX(1.0),03/10/23 11:00:00,M,I15,HICP,CP0115,RO,2020-08,110.38,
ESTAT:PRC_FSC_IDX(1.0),03/10/23 11:00:00,M,I15,HICP,CP0115,RO,2020-09,110.38,
ESTAT:PRC_FSC_IDX(1.0),03/10/23 11:00:00,M,I15,HICP,CP0115,RO,2020-10,110.65,
ESTAT:PRC_FSC_IDX(1.0),03/10/23 11:00:00,M,I15,HICP,CP0115,RO,2020-11,111.30,
ESTAT:PRC_FSC_IDX(1.0),03/10/23 11:00:00,M,I15,HICP,CP0115,RO,2020-12,112.79,
ESTAT:PRC_FSC_IDX(1.0),03/10/23 11:00:00,M,I15,HICP,CP0115,RO,2021-01,114.93,
ESTAT:PRC_FSC_IDX(1.0),03/10/23 11:00:00,M,I15,HICP,CP0115,RO,2021-02,116.15,
ESTAT:PRC_FSC_IDX(1.0),03/10/23 11:00:00,M,I15,HICP,CP0115,RO,2021-03,116.90,
ESTAT:PRC_FSC_IDX(1.0),03/10/23 11:00:00,M,I15,HICP,CP0115,RO,2021-04,117.88,
ESTAT:PRC_FSC_IDX(1.0),03/10/23 11:00:00,M,I15,HICP,CP0115,RO,2021-05,119.25,
ESTAT:PRC_FSC_IDX(1.0),03/10/23 11:00:00,M,I15,HICP,CP0115,RO,2021-06,122.06,
ESTAT:PRC_FSC_IDX(1.0),03/10/23 11:00:00,M,I15,HICP,CP0115,RO,2021-07,123.98,
ESTAT:PRC_FSC_IDX(1.0),03/10/23 11:00:00,M,I15,HICP,CP0115,RO,2021-08,126.43,
ESTAT:PRC_FSC_IDX(1.0),03/10/23 11:00:00,M,I15,HICP,CP0115,RO,2021-09,128.58,
ESTAT:PRC_FSC_IDX(1.0),03/10/23 11:00:00,M,I15,HICP,CP0115,RO,2021-10,130.84,
ESTAT:PRC_FSC_IDX(1.0),03/10/23 11:00:00,M,I15,HICP,CP0115,RO,2021-11,133.24,
ESTAT:PRC_FSC_IDX(1.0),03/10/23 11:00:00,M,I15,HICP,CP0115,RO,2021-12,134.65,
ESTAT:PRC_FSC_IDX(1.0),03/10/23 11:00:00,M,I15,HICP,CP0115,RO,2022-01,136.49,
ESTAT:PRC_FSC_IDX(1.0),03/10/23 11:00:00,M,I15,HICP,CP0115,RO,2022-02,139.07,
ESTAT:PRC_FSC_IDX(1.0),03/10/23 11:00:00,M,I15,HICP,CP0115,RO,2022-03,146.70,
ESTAT:PRC_FSC_IDX(1.0),03/10/23 11:00:00,M,I15,HICP,CP0115,RO,2022-04,153.42,
ESTAT:PRC_FSC_IDX(1.0),03/10/23 11:00:00,M,I15,HICP,CP0115,RO,2022-05,160.87,
ESTAT:PRC_FSC_IDX(1.0),03/10/23 11:00:00,M,I15,HICP,CP0115,RO,2022-06,170.21,
ESTAT:PRC_FSC_IDX(1.0),03/10/23 11:00:00,M,I15,HICP,CP0115,RO,2022-07,176.41,
ESTAT:PRC_FSC_IDX(1.0),03/10/23 11:00:00,M,I15,HICP,CP0115,RO,2022-08,180.97,
ESTAT:PRC_FSC_IDX(1.0),03/10/23 11:00:00,M,I15,HICP,CP0115,RO,2022-09,183.41,
ESTAT:PRC_FSC_IDX(1.0),03/10/23 11:00:00,M,I15,HICP,CP0115,RO,2022-10,185.44,
ESTAT:PRC_FSC_IDX(1.0),03/10/23 11:00:00,M,I15,HICP,CP0115,RO,2022-11,187.79,
ESTAT:PRC_FSC_IDX(1.0),03/10/23 11:00:00,M,I15,HICP,CP0115,RO,2022-12,187.44,
ESTAT:PRC_FSC_IDX(1.0),03/10/23 11:00:00,M,I15,HICP,CP0115,RO,2023-01,187.95,
ESTAT:PRC_FSC_IDX(1.0),03/10/23 11:00:00,M,I15,HICP,CP0115,RO,2023-02,186.22,
ESTAT:PRC_FSC_IDX(1.0),03/10/23 11:00:00,M,I15,HICP,CP0115,RO,2023-03,182.53,
ESTAT:PRC_FSC_IDX(1.0),03/10/23 11:00:00,M,I15,HICP,CP0115,RO,2023-04,180.05,
ESTAT:PRC_FSC_IDX(1.0),03/10/23 11:00:00,M,I15,HICP,CP0115,RO,2023-05,178.35,
ESTAT:PRC_FSC_IDX(1.0),03/10/23 11:00:00,M,I15,HICP,CP0115,RO,2023-06,175.71,
ESTAT:PRC_FSC_IDX(1.0),03/10/23 11:00:00,M,I15,HICP,CP0115,SE,2020-01,120.30,
ESTAT:PRC_FSC_IDX(1.0),03/10/23 11:00:00,M,I15,HICP,CP0115,SE,2020-02,124.11,
ESTAT:PRC_FSC_IDX(1.0),03/10/23 11:00:00,M,I15,HICP,CP0115,SE,2020-03,124.26,
ESTAT:PRC_FSC_IDX(1.0),03/10/23 11:00:00,M,I15,HICP,CP0115,SE,2020-04,121.15,
ESTAT:PRC_FSC_IDX(1.0),03/10/23 11:00:00,M,I15,HICP,CP0115,SE,2020-05,125.05,
ESTAT:PRC_FSC_IDX(1.0),03/10/23 11:00:00,M,I15,HICP,CP0115,SE,2020-06,120.95,
ESTAT:PRC_FSC_IDX(1.0),03/10/23 11:00:00,M,I15,HICP,CP0115,SE,2020-07,124.97,
ESTAT:PRC_FSC_IDX(1.0),03/10/23 11:00:00,M,I15,HICP,CP0115,SE,2020-08,122.24,
ESTAT:PRC_FSC_IDX(1.0),03/10/23 11:00:00,M,I15,HICP,CP0115,SE,2020-09,122.67,
ESTAT:PRC_FSC_IDX(1.0),03/10/23 11:00:00,M,I15,HICP,CP0115,SE,2020-10,124.12,
ESTAT:PRC_FSC_IDX(1.0),03/10/23 11:00:00,M,I15,HICP,CP0115,SE,2020-11,123.73,
ESTAT:PRC_FSC_IDX(1.0),03/10/23 11:00:00,M,I15,HICP,CP0115,SE,2020-12,121.80,
ESTAT:PRC_FSC_IDX(1.0),03/10/23 11:00:00,M,I15,HICP,CP0115,SE,2021-01,124.81,
ESTAT:PRC_FSC_IDX(1.0),03/10/23 11:00:00,M,I15,HICP,CP0115,SE,2021-02,120.87,
ESTAT:PRC_FSC_IDX(1.0),03/10/23 11:00:00,M,I15,HICP,CP0115,SE,2021-03,123.49,
ESTAT:PRC_FSC_IDX(1.0),03/10/23 11:00:00,M,I15,HICP,CP0115,SE,2021-04,122.47,
ESTAT:PRC_FSC_IDX(1.0),03/10/23 11:00:00,M,I15,HICP,CP0115,SE,2021-05,126.53,
ESTAT:PRC_FSC_IDX(1.0),03/10/23 11:00:00,M,I15,HICP,CP0115,SE,2021-06,122.89,
ESTAT:PRC_FSC_IDX(1.0),03/10/23 11:00:00,M,I15,HICP,CP0115,SE,2021-07,128.60,
ESTAT:PRC_FSC_IDX(1.0),03/10/23 11:00:00,M,I15,HICP,CP0115,SE,2021-08,128.80,
ESTAT:PRC_FSC_IDX(1.0),03/10/23 11:00:00,M,I15,HICP,CP0115,SE,2021-09,128.81,
ESTAT:PRC_FSC_IDX(1.0),03/10/23 11:00:00,M,I15,HICP,CP0115,SE,2021-10,128.97,
ESTAT:PRC_FSC_IDX(1.0),03/10/23 11:00:00,M,I15,HICP,CP0115,SE,2021-11,127.61,
ESTAT:PRC_FSC_IDX(1.0),03/10/23 11:00:00,M,I15,HICP,CP0115,SE,2021-12,123.93,
ESTAT:PRC_FSC_IDX(1.0),03/10/23 11:00:00,M,I15,HICP,CP0115,SE,2022-01,129.43,
ESTAT:PRC_FSC_IDX(1.0),03/10/23 11:00:00,M,I15,HICP,CP0115,SE,2022-02,125.75,
ESTAT:PRC_FSC_IDX(1.0),03/10/23 11:00:00,M,I15,HICP,CP0115,SE,2022-03,135.58,
ESTAT:PRC_FSC_IDX(1.0),03/10/23 11:00:00,M,I15,HICP,CP0115,SE,2022-04,133.44,
ESTAT:PRC_FSC_IDX(1.0),03/10/23 11:00:00,M,I15,HICP,CP0115,SE,2022-05,142.77,
ESTAT:PRC_FSC_IDX(1.0),03/10/23 11:00:00,M,I15,HICP,CP0115,SE,2022-06,148.47,
ESTAT:PRC_FSC_IDX(1.0),03/10/23 11:00:00,M,I15,HICP,CP0115,SE,2022-07,160.93,
ESTAT:PRC_FSC_IDX(1.0),03/10/23 11:00:00,M,I15,HICP,CP0115,SE,2022-08,163.70,
ESTAT:PRC_FSC_IDX(1.0),03/10/23 11:00:00,M,I15,HICP,CP0115,SE,2022-09,167.44,
ESTAT:PRC_FSC_IDX(1.0),03/10/23 11:00:00,M,I15,HICP,CP0115,SE,2022-10,167.37,
ESTAT:PRC_FSC_IDX(1.0),03/10/23 11:00:00,M,I15,HICP,CP0115,SE,2022-11,170.87,
ESTAT:PRC_FSC_IDX(1.0),03/10/23 11:00:00,M,I15,HICP,CP0115,SE,2022-12,168.29,
ESTAT:PRC_FSC_IDX(1.0),03/10/23 11:00:00,M,I15,HICP,CP0115,SE,2023-01,175.90,
ESTAT:PRC_FSC_IDX(1.0),03/10/23 11:00:00,M,I15,HICP,CP0115,SE,2023-02,173.45,
ESTAT:PRC_FSC_IDX(1.0),03/10/23 11:00:00,M,I15,HICP,CP0115,SE,2023-03,174.52,
ESTAT:PRC_FSC_IDX(1.0),03/10/23 11:00:00,M,I15,HICP,CP0115,SE,2023-04,170.99,
ESTAT:PRC_FSC_IDX(1.0),03/10/23 11:00:00,M,I15,HICP,CP0115,SE,2023-05,168.71,
ESTAT:PRC_FSC_IDX(1.0),03/10/23 11:00:00,M,I15,HICP,CP0115,SE,2023-06,167.87,
ESTAT:PRC_FSC_IDX(1.0),03/10/23 11:00:00,M,I15,HICP,CP0115,SI,2020-01,100.15,
ESTAT:PRC_FSC_IDX(1.0),03/10/23 11:00:00,M,I15,HICP,CP0115,SI,2020-02,99.59,
ESTAT:PRC_FSC_IDX(1.0),03/10/23 11:00:00,M,I15,HICP,CP0115,SI,2020-03,101.46,
ESTAT:PRC_FSC_IDX(1.0),03/10/23 11:00:00,M,I15,HICP,CP0115,SI,2020-04,103.07,
ESTAT:PRC_FSC_IDX(1.0),03/10/23 11:00:00,M,I15,HICP,CP0115,SI,2020-05,101.84,
ESTAT:PRC_FSC_IDX(1.0),03/10/23 11:00:00,M,I15,HICP,CP0115,SI,2020-06,100.18,
ESTAT:PRC_FSC_IDX(1.0),03/10/23 11:00:00,M,I15,HICP,CP0115,SI,2020-07,101.05,
ESTAT:PRC_FSC_IDX(1.0),03/10/23 11:00:00,M,I15,HICP,CP0115,SI,2020-08,102.84,
ESTAT:PRC_FSC_IDX(1.0),03/10/23 11:00:00,M,I15,HICP,CP0115,SI,2020-09,101.48,
ESTAT:PRC_FSC_IDX(1.0),03/10/23 11:00:00,M,I15,HICP,CP0115,SI,2020-10,102.57,
ESTAT:PRC_FSC_IDX(1.0),03/10/23 11:00:00,M,I15,HICP,CP0115,SI,2020-11,101.14,
ESTAT:PRC_FSC_IDX(1.0),03/10/23 11:00:00,M,I15,HICP,CP0115,SI,2020-12,100.89,
ESTAT:PRC_FSC_IDX(1.0),03/10/23 11:00:00,M,I15,HICP,CP0115,SI,2021-01,101.72,
ESTAT:PRC_FSC_IDX(1.0),03/10/23 11:00:00,M,I15,HICP,CP0115,SI,2021-02,100.97,
ESTAT:PRC_FSC_IDX(1.0),03/10/23 11:00:00,M,I15,HICP,CP0115,SI,2021-03,101.20,
ESTAT:PRC_FSC_IDX(1.0),03/10/23 11:00:00,M,I15,HICP,CP0115,SI,2021-04,100.88,
ESTAT:PRC_FSC_IDX(1.0),03/10/23 11:00:00,M,I15,HICP,CP0115,SI,2021-05,102.06,
ESTAT:PRC_FSC_IDX(1.0),03/10/23 11:00:00,M,I15,HICP,CP0115,SI,2021-06,103.56,
ESTAT:PRC_FSC_IDX(1.0),03/10/23 11:00:00,M,I15,HICP,CP0115,SI,2021-07,103.75,
ESTAT:PRC_FSC_IDX(1.0),03/10/23 11:00:00,M,I15,HICP,CP0115,SI,2021-08,104.45,
ESTAT:PRC_FSC_IDX(1.0),03/10/23 11:00:00,M,I15,HICP,CP0115,SI,2021-09,106.03,
ESTAT:PRC_FSC_IDX(1.0),03/10/23 11:00:00,M,I15,HICP,CP0115,SI,2021-10,106.59,
ESTAT:PRC_FSC_IDX(1.0),03/10/23 11:00:00,M,I15,HICP,CP0115,SI,2021-11,106.08,
ESTAT:PRC_FSC_IDX(1.0),03/10/23 11:00:00,M,I15,HICP,CP0115,SI,2021-12,109.02,
ESTAT:PRC_FSC_IDX(1.0),03/10/23 11:00:00,M,I15,HICP,CP0115,SI,2022-01,110.08,
ESTAT:PRC_FSC_IDX(1.0),03/10/23 11:00:00,M,I15,HICP,CP0115,SI,2022-02,112.01,
ESTAT:PRC_FSC_IDX(1.0),03/10/23 11:00:00,M,I15,HICP,CP0115,SI,2022-03,114.93,
ESTAT:PRC_FSC_IDX(1.0),03/10/23 11:00:00,M,I15,HICP,CP0115,SI,2022-04,123.86,
ESTAT:PRC_FSC_IDX(1.0),03/10/23 11:00:00,M,I15,HICP,CP0115,SI,2022-05,130.22,
ESTAT:PRC_FSC_IDX(1.0),03/10/23 11:00:00,M,I15,HICP,CP0115,SI,2022-06,136.14,
ESTAT:PRC_FSC_IDX(1.0),03/10/23 11:00:00,M,I15,HICP,CP0115,SI,2022-07,137.72,
ESTAT:PRC_FSC_IDX(1.0),03/10/23 11:00:00,M,I15,HICP,CP0115,SI,2022-08,141.93,
ESTAT:PRC_FSC_IDX(1.0),03/10/23 11:00:00,M,I15,HICP,CP0115,SI,2022-09,144.51,
ESTAT:PRC_FSC_IDX(1.0),03/10/23 11:00:00,M,I15,HICP,CP0115,SI,2022-10,145.18,
ESTAT:PRC_FSC_IDX(1.0),03/10/23 11:00:00,M,I15,HICP,CP0115,SI,2022-11,147.26,
ESTAT:PRC_FSC_IDX(1.0),03/10/23 11:00:00,M,I15,HICP,CP0115,SI,2022-12,147.15,
ESTAT:PRC_FSC_IDX(1.0),03/10/23 11:00:00,M,I15,HICP,CP0115,SI,2023-01,149.43,
ESTAT:PRC_FSC_IDX(1.0),03/10/23 11:00:00,M,I15,HICP,CP0115,SI,2023-02,145.61,
ESTAT:PRC_FSC_IDX(1.0),03/10/23 11:00:00,M,I15,HICP,CP0115,SI,2023-03,147.02,
ESTAT:PRC_FSC_IDX(1.0),03/10/23 11:00:00,M,I15,HICP,CP0115,SI,2023-04,144.77,
ESTAT:PRC_FSC_IDX(1.0),03/10/23 11:00:00,M,I15,HICP,CP0115,SI,2023-05,140.65,
ESTAT:PRC_FSC_IDX(1.0),03/10/23 11:00:00,M,I15,HICP,CP0115,SI,2023-06,136.34,
